school_id,school_name,governance,budget_units,method,confidence,fy26_adopted_budget,fy26_projected_expenditures,fy27_proposed_budget,fy27_proposed_positions,notes
400009,GLOBAL CITIZENSHIP,Charter,U63011,finance_id,high,9067227.84,9587184.98,9679953.44,0.0,
400011,LOCKE A,Charter,U66151,finance_id,high,6527482.13,7315442.94,7416987.6,3.0,
400021,CATALYST - CIRCLE ROCK,Charter,U66432,finance_id,high,9768668.0,10317479.54,10494544.5,0.0,
400023,CICS - AVALON/SOUTH SHORE,Charter,U66371,finance_id,high,8946994.21,9656117.56,9926775.89,0.0,
400024,CICS - BASIL,Charter,U66231,finance_id,high,10344704.61,12611503.9,11253391.89,0.0,
400025,CICS - BUCKTOWN,Charter,U66071,finance_id,high,9728099.27,9398381.27,9710591.54,0.0,
400026,CICS - LOOMIS,Charter,U66075,finance_id,high,6417974.93,7140641.54,7219839.05,0.0,
400027,CICS - IRVING PARK,Charter,U66074,finance_id,high,8522553.18,9079318.39,9262420.54,0.0,
400028,CICS - PRAIRIE,Charter,U66161,finance_id,high,7980427.9,8397405.71,8565322.14,0.0,
400029,CICS - WASHINGTON PARK,Charter,U66181,finance_id,high,9225645.11,9569773.83,9795624.21,0.0,
400030,CICS - WEST BELDEN,Charter,U66221,finance_id,high,9874010.73,10636472.59,10749980.81,0.0,
400031,CICS - WRIGHTWOOD,Charter,U66381,finance_id,high,11499612.58,11503415.28,11782778.01,0.0,
400032,CICS - ELLISON HS,Charter,U66072,finance_id,high,4425139.44,4379799.37,4053889.99,0.0,
400033,CICS - LONGWOOD,Charter,U66061,finance_id,high,20753559.45,21591282.08,22895028.89,0.0,
400034,CICS - NORTHTOWN HS,Charter,U66241,finance_id,high,16202658.17,17030209.71,18082790.05,0.0,
400035,CHICAGO MATH & SCIENCE HS,Charter,U66281,finance_id,high,11516392.07,11740424.12,12581845.38,2.0,
400039,ERIE,Charter,U66331,finance_id,high,7787234.67,7509579.89,7708953.47,0.0,
400044,KIPP - ASCEND,Charter,U66261,finance_id,high,14623660.81,14654144.05,14554975.48,3.0,
400046,LEARN - BUTLER,Charter,U66211,finance_id,high,8998754.51,9704744.1,9506000.8,0.0,
400047,LEARN - CAMPBELL,Charter,U66562,finance_id,high,6742891.61,7347147.34,7690483.23,0.0,
400048,LEARN - EXCEL,Charter,U66561,finance_id,high,7165565.56,7667668.31,8191228.35,0.0,
400049,LEGACY,Charter,U67071,finance_id,high,8726283.92,9073579.5,9205209.28,0.0,
400050,NAMASTE,Charter,U66271,finance_id,high,7064035.99,7718806.21,7686093.1,0.0,
400051,NOBLE - NOBLE HS,Charter,U66141,finance_id,high,12742346.99,13067975.46,13754822.08,0.0,
400052,NOBLE - COMER,Charter,U66146,finance_id,high,17899540.83,19963630.66,21257029.8,0.0,
400053,NOBLE - GOLDER HS,Charter,U66145,finance_id,high,12042647.89,12365889.68,12942546.14,0.0,
400054,NOBLE - PRITZKER HS,Charter,U66142,finance_id,high,18503825.03,18950660.95,20101948.39,0.0,
400055,NOBLE - RAUNER HS,Charter,U66143,finance_id,high,10435574.77,9094801.26,9351315.99,0.0,
400056,NOBLE - ROWE CLARK HS,Charter,U66144,finance_id,high,5916032.08,6062566.76,6116273.39,0.0,
400057,NOBLE - UIC HS,Charter,U66147,finance_id,high,15006119.03,15299548.49,15836676.17,0.0,
400058,NLCP - CHRISTIANA HS,Charter,U66091,finance_id,high,4219479.41,5200659.78,4119589.81,4.0,
400059,NLCP - COLLINS HS,Charter,U66092,finance_id,high,4321566.73,2667369.99,2401393.31,0.0,
400060,PASSAGES,Charter,U66191,finance_id,high,7384315.8,7270223.87,6940247.86,2.0,
400061,PERSPECTIVES - LEADERSHIP HS,Charter,U66052,finance_id,high,15399891.85,15025990.35,15563902.09,0.0,
400062,PERSPECTIVES - TECH HS,Charter,U66053,finance_id,high,5894592.08,6629519.36,6616055.83,0.0,
400064,PERSPECTIVES - JOSLIN HS,Charter,U66051,finance_id,high,6010695.83,6252710.84,6333513.44,0.0,
400066,PERSPECTIVES - MATH & SCI HS,Charter,U66056,finance_id,high,6326648.17,7416513.44,7122072.17,0.0,
400069,POLARIS,Charter,U67081,finance_id,high,5654040.23,5726835.59,5639735.23,0.0,
400071,PROVIDENCE ENGLEWOOD,Charter,U66471,finance_id,high,6901843.82,7264169.05,7280837.22,0.0,
400075,U OF C - DONOGHUE,Charter,U66321,finance_id,high,8174169.52,8143869.51,7930372.78,3.0,
400076,U OF C - NKO,Charter,U66111,finance_id,high,4847226.07,5081137.34,4938875.35,0.0,
400077,U OF C - WOODLAWN HS,Charter,U66112,finance_id,high,11463667.86,12152950.43,12734393.23,4.0,
400079,ACERO - ZIZUMBO,Charter,U66395,finance_id,high,10076811.62,9926472.16,10306950.74,0.0,
400080,ACERO - TORRES,Charter,U66396,finance_id,high,9995943.37,9397249.29,9748182.43,0.0,
400085,ACERO - GARCIA HS,Charter,U66394,finance_id,high,12311751.59,12194675.43,12799427.63,0.0,
400086,URBAN PREP HS,Charter,U66441;U66442,manual_name,medium,3900727.24,5748555.13,2734444.87,3.0,Englewood + Bronzeville units summed (U66441+U66442)
400089,ACERO - MARQUEZ,Charter,U66397,finance_id,high,9611258.12,9587869.86,10008094.65,0.0,
400091,CHICAGO TECH HS,Contract,U63091,finance_id,high,5101938.44,5505441.22,4804698.0,3.0,
400092,CICS - BOND,Charter,U66076,finance_id,high,5313228.1,5852309.76,5822905.42,0.0,
400096,ROWE,Charter,U66571,finance_id,high,11372507.26,9813461.45,9900576.51,0.0,
400097,NOBLE - BULLS HS,Charter,U66572,finance_id,high,16906356.49,16282679.32,16874591.06,0.0,
400098,NOBLE - MUCHIN HS,Charter,U66573,finance_id,high,17033356.26,17855870.66,18992013.4,0.0,
400104,INSTITUTO - HEALTH,Charter,U63131,finance_id,high,10785632.09,9663953.85,9968654.45,5.0,
400106,NOBLE - JOHNSON HS,Charter,U66148,finance_id,high,7988720.37,8770554.88,8883548.08,0.0,
400107,LEARN - SOUTH CHICAGO,Charter,U66563,finance_id,high,6320681.87,6486311.14,6550395.88,0.0,
400111,LEARN - PERKINS,Charter,U66564,finance_id,high,8973485.97,9248849.77,9768910.27,0.0,
400112,ACERO - IDAR,Charter,U66399,finance_id,high,10142846.12,12466634.6,11101268.11,0.0,
400115,CATALYST - MARIA,Charter,U66433,finance_id,high,20945547.68,21156758.85,22106514.46,0.0,
400116,MONTESSORI ENGLEWOOD,Charter,U66591,finance_id,high,5945113.07,7009666.24,6716507.42,2.0,
400117,NOBLE - HANSBERRY HS,Charter,U66574,finance_id,high,9777586.15,10697745.87,11216321.53,0.0,
400118,NOBLE - DRW HS,Charter,U66575,finance_id,high,5899766.58,5321507.3,5346316.37,0.0,
400119,LEGAL PREP HS,Charter,U66641,finance_id,high,4148778.36,3614110.75,3732338.75,2.0,
400120,ACERO - CLEMENTE,Charter,U66133,finance_id,high,8703531.36,8337817.96,8662098.07,0.0,
400123,YCCS - SCHOLASTIC ACHIEVEMENT,Charter,U66106,finance_id,high,31991.55,33363.44,33824.99,1.0,
400124,YCCS - MCKINLEY,Charter,U66107,finance_id,high,45240.55,55569.63,47073.99,1.0,
400125,YCCS - ASPIRA PANTOJA,Charter,U66108,finance_id,high,0.0,0.0,82698.57,2.0,
400126,YCCS - ASSOCIATION HOUSE,Charter,U66109,finance_id,high,0.0,0.0,0.0,0.0,
400128,YCCS - CCA ACADEMY,Charter,U66612,finance_id,high,45240.55,46794.56,47073.99,1.0,
400129,YCCS - PROGRESSIVE LEADERSHIP,Charter,U66613,finance_id,high,0.0,0.0,0.0,0.0,
400130,YCCS - YOUTH DEVELOPMENT,Charter,U66614,finance_id,high,47525.66,51181.31,49490.06,1.0,
400131,YCCS - CAMPOS,Charter,U66615,finance_id,high,0.0,0.0,0.0,0.0,
400133,YCCS - INNOVATIONS,Charter,U66617,finance_id,high,93902.65,92604.93,98316.22,2.0,
400135,YCCS - LATINO YOUTH,Charter,U66619,finance_id,high,27421.33,26578.32,28992.85,1.0,
400136,YCCS - OLIVE HARVEY,Charter,U66621,finance_id,high,0.0,0.0,0.0,0.0,
400139,YCCS - SULLIVAN,Charter,U66623,finance_id,high,76411.79,76870.33,79272.18,2.0,
400141,YCCS - TRUMAN,Charter,U66625,finance_id,high,0.0,0.0,0.0,0.0,
400143,YCCS - WEST TOWN,Charter,U66627,finance_id,high,49810.77,51099.83,51906.13,1.0,
400144,YCCS - WEST,Charter,U66628,finance_id,high,0.0,0.0,0.0,0.0,
400145,YCCS - YOUTH CONNECTION,Charter,U66629,finance_id,high,49093.47,49981.55,51147.39,1.0,
400146,KIPP - ACADEMY,Charter,U66031,manual_name,high,11956942.85,12090697.5,11829507.81,6.0,
400147,CHICAGO EXCEL HS,Contract,U63141,finance_id,high,4555523.6,4809528.54,4966463.44,2.0,
400149,ACERO - SOTO HS,Charter,U66137,finance_id,high,10398176.87,10614547.0,11111028.82,0.0,
400150,YCCS - CHATHAM,Charter,U66631,finance_id,high,110752.44,161771.98,135950.33,2.0,
400151,LEARN - 7,Charter,U66566,finance_id,high,2854572.48,3141307.66,3146833.04,0.0,
400153,ACERO - BRIGHTON PARK,Charter,U66602,finance_id,high,8998529.03,8706910.15,9070024.21,0.0,
400156,NOBLE - BUTLER HS,Charter,U66576,finance_id,high,10940822.34,11285817.27,12141133.41,0.0,
400157,NOBLE - BAKER HS,Charter,U66577,finance_id,high,4510790.63,4886358.94,4783564.56,0.0,
400159,CHRISTOPHER HOUSE,Charter,U66661,finance_id,high,8959341.56,9082510.43,9626495.91,0.0,
400161,CHICAGO COLLEGIATE,Charter,U66671,finance_id,high,4796700.26,5050851.58,4717969.62,0.0,
400162,INTRINSIC HS,Charter,U66691,finance_id,high,18701285.67,19232311.71,19977858.57,5.0,
400163,KIPP - BLOOM,Charter,U66931,finance_id,high,15339262.74,24613641.78,16238838.21,10.0,
400164,INSTITUTO - JUSTICE HS,Charter,U66921,finance_id,high,2699560.43,2362319.4,2468194.14,2.0,
400165,LEARN - MIDDLE,Charter,U66567,finance_id,high,3330977.83,3437968.83,3355250.8,0.0,
400167,HORIZON - SOUTHWEST,Charter,U63181,finance_id,high,14031573.29,14225325.61,15151168.2,3.0,
400168,GREAT LAKES,Charter,U66951,finance_id,high,10254177.46,11064363.17,11581075.14,0.0,
400169,NOBLE - ITW SPEER HS,Charter,U66149,finance_id,high,20997163.89,21427511.0,22793476.15,0.0,
400170,NOBLE - ACADEMY HS,Charter,U66578,finance_id,high,6457407.52,6615798.04,6593270.41,0.0,
400173,PATHWAYS - BRIGHTON PARK HS,ALOP,U66801,finance_id,high,7191980.35,5818536.67,7699210.24,0.0,
400175,EXCEL SOUTH SHORE HS,Contract,U63143,finance_id,high,3270172.04,3826602.59,3596674.84,1.0,
400176,EXCEL SOUTHWEST HS,Contract,U63144,finance_id,high,3264106.41,3299069.93,3568791.07,1.0,
400178,MOVING EVEREST,Charter,U66911,finance_id,high,14334288.08,14534649.35,15239276.4,0.0,
400179,NOBLE - MANSUETO HS,Charter,U66579,finance_id,high,20291033.72,20648814.71,22273242.56,0.0,
400180,KIPP - ONE,Charter,U66032,finance_id,high,16253326.73,16763106.38,16769036.57,0.0,
400181,ART IN MOTION,Charter,U69228,finance_id,high,11248274.7,11003336.87,11208524.22,0.0,
400182,CATALYST MARIA HS,Charter,,none,,,,,,no unit of its own; Catalyst Maria budget (U66433) belongs to 400115
609674,CHICAGO VOCATIONAL HS,District,U53011,finance_id,high,11942930.6,18836618.83,12340297.84,102.0,
609676,DUNBAR HS,District,U53021,finance_id,high,6914991.34,7436175.61,7128180.08,57.0,
609678,JONES HS,District,U47021,finance_id,high,21187590.67,22848861.53,21489137.0,169.5,
609679,PROSSER HS,District,U53041,finance_id,high,17417350.82,18044348.06,17589946.13,135.5,
609680,PAYTON HS,District,U70020,finance_id,high,15473614.32,16509371.13,15647832.1,113.5,
609682,RICHARDS HS,District,U53051,finance_id,high,6367470.91,6958044.84,6655349.81,54.5,
609691,NORTH-GRAND HS,District,U46431,finance_id,high,15851498.0,16333490.03,14956105.8,117.0,
609692,SIMEON HS,District,U53061,finance_id,high,15306443.56,16557840.69,15919081.49,128.5,
609693,WESTINGHOUSE HS,District,U53071,finance_id,high,15671639.26,16550969.13,15888777.74,124.0,
609694,HANCOCK HS,District,U46021,finance_id,high,12564681.98,13158545.4,12724698.54,95.5,
609695,AMUNDSEN HS,District,U46031,finance_id,high,17571120.76,19421787.16,18276671.29,137.5,
609698,BOGAN HS,District,U46041,finance_id,high,11021695.83,12240153.27,10353111.66,79.0,
609704,FARRAGUT HS,District,U53091,finance_id,high,9602535.44,10216050.63,9835342.52,81.0,
609705,FENGER HS,District,U46111,finance_id,high,5026683.48,5978606.97,5155138.62,43.0,
609708,FOREMAN HS,District,U46131,finance_id,high,10262841.59,10899909.34,10344339.39,80.0,
609709,GAGE PARK HS,District,U46141,finance_id,high,6764680.38,6984821.08,6753457.12,59.5,
609710,HARLAN HS,District,U51021,finance_id,high,5127726.06,5182063.48,5226028.78,46.5,
609712,HIRSCH HS,District,U47031,finance_id,high,4064939.39,4013812.12,3959339.2,31.0,
609713,HYDE PARK HS,District,U46171,finance_id,high,12143774.63,12795169.79,12831063.93,102.5,
609715,KELLY HS,District,U46181,finance_id,high,23780314.59,25058079.45,23444734.93,178.0,
609716,KELVYN PARK HS,District,U46191,finance_id,high,8619936.84,8790195.32,9011058.06,79.0,
609718,KENNEDY HS,District,U46201,finance_id,high,20410798.52,20836727.01,19940084.17,154.5,
609719,LAKE VIEW HS,District,U46211,finance_id,high,18462773.68,19019663.4,18568529.32,144.0,
609720,LANE TECH HS,District,U46221,finance_id,high,47456437.25,51048449.78,49217542.81,368.0,
609722,MANLEY HS,District,U53111,finance_id,high,3983110.71,3751452.57,3928209.1,32.0,
609723,MARSHALL HS,District,U47041,finance_id,high,4963024.08,5375146.99,5593362.01,47.0,
609724,MATHER HS,District,U46241,finance_id,high,21656699.73,22962347.88,22283460.96,162.0,
609725,MORGAN PARK HS,District,U46251,finance_id,high,16770164.16,17579567.31,16809298.08,128.0,
609726,BROOKS HS,District,U47051,finance_id,high,12615510.97,13345145.82,12433593.81,96.0,
609727,PHILLIPS HS,District,U46261,finance_id,high,6965197.94,7343608.24,6826139.15,54.0,
609728,ROOSEVELT HS,District,U46271,finance_id,high,15666492.5,16470759.32,14760626.54,115.5,
609729,SCHURZ HS,District,U46281,finance_id,high,18490625.68,20760262.75,18888426.06,141.5,
609730,SENN HS,District,U47061,finance_id,high,18121996.44,18590847.48,18414987.57,140.0,
609732,STEINMETZ HS,District,U46291,finance_id,high,16157510.81,16447757.13,14849991.46,112.5,
609733,SULLIVAN HS,District,U46301,finance_id,high,11809867.61,11869041.77,10634176.09,85.0,
609734,TAFT HS,District,U46311,finance_id,high,47836381.16,51766288.28,50214337.01,379.5,
609735,TILDEN HS,District,U53121,finance_id,high,5981286.11,6320346.31,5567583.84,44.5,
609737,VON STEUBEN HS,District,U47081,finance_id,high,18619867.8,20523513.28,19082610.36,139.5,
609738,LINCOLN PARK HS,District,U46321,finance_id,high,24433349.36,26604808.65,24968224.95,188.5,
609739,WASHINGTON HS,District,U46331,finance_id,high,18872809.57,22978612.49,18962302.75,155.0,
609740,WELLS HS,District,U51071,finance_id,high,6018100.23,6393434.58,5555751.14,42.0,
609741,HUBBARD HS,District,U46341,finance_id,high,20251456.73,25246574.26,19894077.83,153.0,
609744,NORTHSIDE LEARNING HS,District,U49021,finance_id,high,13394033.99,13516625.36,14187020.08,137.5,
609745,SOUTHSIDE HS,District,U49031,finance_id,high,14295745.93,14735721.16,15539378.37,143.0,
609746,KENWOOD HS,District,U46361,finance_id,high,23666398.98,26274303.49,23880524.14,179.0,
609748,YORK HS,District,U49041,finance_id,high,11199844.4,9339963.09,11482925.5,66.0,
609749,NORTHSIDE PREP HS,District,U46061,finance_id,high,13609747.71,15145967.67,14223249.38,113.0,
609750,SIMPSON HS,District,U49051,finance_id,high,3590910.17,3495879.37,3715542.89,26.0,
609751,KING HS,District,U46371,finance_id,high,11340041.23,12204159.53,12107428.65,101.0,
609753,CHICAGO AGRICULTURE HS,District,U47091,finance_id,high,13701117.0,16798553.07,14981939.77,118.4,
609754,CHICAGO MILITARY HS,District,U70070,finance_id,high,5016905.35,5005323.22,5238404.56,43.5,
609755,YOUNG HS,District,U47101,finance_id,high,26127744.83,30624811.47,25823592.97,195.0,
609756,CURIE HS,District,U53101,finance_id,high,36414907.6,37683873.5,36262107.87,274.0,
609759,CLEMENTE HS,District,U51091,finance_id,high,11796270.09,12250904.72,10746588.39,91.0,
609760,CARVER MILITARY HS,District,U46381,finance_id,high,7514024.73,8670029.71,7762208.09,59.5,
609761,CORLISS HS,District,U46391,finance_id,high,7538788.28,7275586.29,6778737.82,55.5,
609762,JULIAN HS,District,U46401,finance_id,high,8404927.03,9033240.84,8296969.69,64.0,
609764,JUAREZ HS,District,U46421,finance_id,high,19523397.56,20622420.18,19491415.52,148.0,
609766,VAUGHN HS,District,U49081,finance_id,high,10281405.0,10313928.76,10896435.83,102.0,
609769,GRAHAM HS,District,U49101,finance_id,high,10470167.86,10827000.0,11315968.11,102.0,
609772,ADDAMS,District,U22021,finance_id,high,7823755.01,15364410.12,8295994.13,67.0,
609773,TUBMAN,District,U22031,finance_id,high,6369897.26,6712368.58,6291467.43,53.0,
609774,ALCOTT ES,District,U22041,finance_id,high,8641137.76,10110788.18,9082217.27,70.5,
609777,ARMOUR,District,U22061,finance_id,high,5196248.52,5318294.81,5298812.04,47.5,
609779,ARMSTRONG G,District,U22081,finance_id,high,15830135.97,16850284.88,18217596.71,150.0,
609780,MILITARY LEADERSHIP HS,District,U41111,finance_id,high,9249629.96,9251515.15,9051573.73,66.5,
609782,AUDUBON,District,U22091,finance_id,high,8427041.29,8792601.36,8859130.93,76.5,
609783,JEFFERSON HS,District,U30011,finance_id,high,10819723.99,10612194.15,11084247.21,65.0,
609786,AVALON PARK,District,U22101,finance_id,high,4909124.82,4579450.88,4409709.6,38.0,
609788,BARNARD,District,U22131,finance_id,high,4372627.98,4440781.32,4346578.4,34.5,
609789,BARRY,District,U22141,finance_id,high,7696166.67,8347821.87,8210195.88,71.0,
609790,BARTON,District,U22151,finance_id,high,8176426.04,8546559.9,8622032.29,68.0,
609791,BASS,District,U22161,finance_id,high,6080709.91,6385125.09,5759769.51,50.0,
609792,BATEMAN,District,U22171,finance_id,high,11891545.45,12352395.43,13248798.55,112.0,
609793,NICHOLSON,District,U22181,finance_id,high,9158227.31,9069646.0,9335706.25,81.0,
609794,EDISON,District,U29011,finance_id,high,3644744.02,3754559.11,3797369.71,29.0,
609795,CLARK ES,District,U22191,finance_id,high,3539110.89,3250984.69,3453447.78,28.5,
609796,BEAUBIEN,District,U22201,finance_id,high,11544138.22,12272694.23,12240870.87,101.5,
609797,BEIDLER,District,U22211,finance_id,high,3872656.22,4536444.24,4079261.46,31.5,
609798,BELDING,District,U22221,manual_name,high,7929612.34,8337496.29,8187491.67,65.0,
609799,BELL,District,U22231,finance_id,high,12480100.14,14079168.47,13841632.0,113.0,
609800,BENNETT,District,U22241,finance_id,high,5061027.38,5104946.32,5320641.08,41.5,
609803,BLAINE,District,U22261,finance_id,high,9071795.0,12042726.36,9775308.86,74.5,
609804,MOSAIC,District,U22271,finance_id,high,10578332.84,11609924.47,10937364.18,91.0,
609805,JOPLIN,District,U22281,finance_id,high,4923655.74,4810776.85,5056917.52,38.0,
609806,BRADWELL,District,U22291,finance_id,high,7118180.78,6605652.68,7277235.33,65.5,
609807,HAMPTON,District,U32021,finance_id,high,6674850.25,6740245.27,6906770.51,60.0,
609808,HALEY,District,U22301,finance_id,high,7735644.8,11388745.69,8669706.44,72.5,
609809,BRENTANO,District,U22311,finance_id,high,9518591.75,11835123.57,10400580.36,86.0,
609810,BRIDGE,District,U22321,finance_id,high,12976531.81,14358116.04,13440304.68,109.5,
609811,BRIGHT,District,U22331,finance_id,high,6341677.24,5664523.02,5721370.28,52.5,
609812,BROWN W,District,U22351,finance_id,high,5057156.25,5493058.59,5480936.71,45.0,
609813,BROWNELL,District,U22361,finance_id,high,3236351.65,2883016.51,3137062.77,28.0,
609815,BOUCHET,District,U22371,finance_id,high,11172283.87,11527990.93,11712099.78,104.5,
609817,BUDLONG,District,U22391,finance_id,high,10207490.63,10448400.34,10649644.34,89.0,
609818,BURBANK,District,U22401,finance_id,high,11810454.88,12338398.8,11848530.86,104.0,
609819,BURKE,District,U22411,finance_id,high,5695322.66,5509341.95,5763133.46,51.0,
609820,BURLEY,District,U22421,finance_id,high,6322010.5,6630624.01,6589529.34,50.0,
609821,BURNHAM,District,U22431,finance_id,high,7433322.94,7285129.09,8357847.6,76.0,
609827,BURNSIDE,District,U29021,finance_id,high,5537882.45,6138470.01,5932767.72,52.0,
609828,BURR,District,U22471,finance_id,high,6062363.0,6761771.22,6381307.15,52.0,
609829,BURROUGHS,District,U22481,finance_id,high,6011048.52,6039475.97,5816885.26,45.5,
609830,BRUNSON,District,U22491,finance_id,high,7787114.72,8314680.98,8551439.14,76.0,
609832,BYRNE,District,U22501,finance_id,high,8891691.86,10881351.17,9885054.38,87.0,
609833,DAISY BATES,District,U22511,finance_id,high,4478799.23,4672538.55,4955304.33,46.5,
609834,LITTLE VILLAGE,District,U22521,finance_id,high,9887690.49,10721735.79,9925040.29,79.0,
609835,CAMERON,District,U22531,finance_id,high,9742799.58,9484862.18,9586838.43,77.0,
609836,CANTY,District,U22541,finance_id,high,11784983.99,21623313.77,12315206.94,100.0,
609837,CARNEGIE,District,U22551,finance_id,high,6519764.46,6657378.26,7072062.86,57.0,
609839,CARROLL,District,U22571,finance_id,high,7415795.22,8039318.37,8358722.28,68.5,
609842,CARSON,District,U22601,finance_id,high,8845657.26,9061909.23,8802825.46,77.0,
609844,CARTER,District,U22611,finance_id,high,4726722.85,4609605.77,4541980.07,40.0,
609845,CARVER G,District,U22621,finance_id,high,7132863.1,8335326.33,7681429.82,62.5,
609848,ALDRIDGE,District,U22641,finance_id,high,4541028.84,5021506.29,4967702.77,46.5,
609849,CASSELL,District,U22651,finance_id,high,6554777.86,7091437.16,7398097.73,60.0,
609850,GREELEY,District,U22661,finance_id,high,5981097.17,6389944.54,5992832.32,46.0,
609851,CHALMERS,District,U22671,finance_id,high,5104091.73,5015985.51,4980629.68,44.5,
609852,CHAPPELL,District,U22681,finance_id,high,9320984.54,10140952.91,9830882.39,89.0,
609853,CHASE,District,U22701,finance_id,high,9276010.45,10945049.56,11398269.55,102.0,
609854,CHOPIN,District,U22721,finance_id,high,7305056.22,7678559.66,7530558.61,66.0,
609855,CHRISTOPHER,District,U30031,finance_id,high,11827428.97,13250025.24,12657691.08,124.0,
609856,CLAY,District,U22731,finance_id,high,8613197.74,8776343.69,9481756.78,82.0,
609857,CLEVELAND,District,U22741,finance_id,high,8946265.52,9468331.22,9950118.8,80.5,
609859,CLINTON,District,U22751,finance_id,high,13775251.74,14461723.34,14041405.68,105.5,
609861,CLISSOLD,District,U22761,finance_id,high,9196344.06,16560915.91,9839565.18,87.0,
609862,COLES,District,U22771,finance_id,high,5331285.75,5382995.92,5036753.42,41.5,
609863,GINSBURG,District,U22791,finance_id,high,3939716.99,4049367.73,3933515.6,32.0,
609864,COOK,District,U22801,finance_id,high,6023029.55,6029808.13,6202909.78,49.5,
609865,JORDAN,District,U22811,finance_id,high,8953267.26,10239142.17,10549876.28,92.0,
609866,COONLEY,District,U22821,finance_id,high,9857380.36,10763659.82,10890860.38,97.0,
609867,COOPER,District,U22831,finance_id,high,7330169.3,7625056.26,7440217.37,60.0,
609869,LANGFORD,District,U22841,finance_id,high,4251048.22,4476170.87,4567568.22,37.5,
609870,CORKERY,District,U22851,finance_id,high,7487195.45,7945615.1,8217475.75,74.0,
609871,VICK,District,U26731,finance_id,high,8625331.82,8557108.5,8621059.3,73.5,
609872,PEREZ,District,U22861,finance_id,high,5440418.23,5695973.85,5218791.59,40.5,
609873,CROWN,District,U31041,finance_id,high,3219486.59,2996985.11,3230225.18,27.0,
609874,DIRKSEN,District,U22871,finance_id,high,13694001.97,13557651.82,13451633.07,105.0,
609875,DARWIN,District,U22881,finance_id,high,8023236.75,8376333.72,8979010.77,82.0,
609876,DAVIS N,District,U22891,finance_id,high,8398700.14,8106658.54,8322273.54,70.0,
609879,DAWES,District,U22901,finance_id,high,12219438.83,12776253.1,13287636.67,106.5,
609880,DECATUR,District,U29031,finance_id,high,4387914.97,4567029.51,4631173.34,40.0,
609883,DENEEN,District,U22931,finance_id,high,6642637.64,7034642.55,7153081.12,63.0,
609884,DEVER,District,U22941,finance_id,high,8607098.55,9351709.03,8866820.49,70.5,
609885,DEWEY,District,U22951,finance_id,high,5821833.76,6765849.3,6162072.86,58.0,
609887,DIXON,District,U22971,finance_id,high,5732807.77,6162947.75,5898645.74,45.0,
609891,DOOLITTLE,District,U22991,finance_id,high,4942129.59,5143707.94,4456281.3,40.5,
609893,DORE,District,U23001,finance_id,high,11788057.81,12716464.06,13197938.89,111.5,
609894,DRAKE,District,U23011,finance_id,high,5848812.56,6487913.74,5982251.24,49.0,
609895,TURNER-DREW,District,U29041,finance_id,high,4428976.02,4856778.51,4712410.61,36.5,
609896,DRUMMOND,District,U23021,finance_id,high,5760969.5,6043529.96,6146403.27,57.5,
609897,EARLE,District,U23031,finance_id,high,5369548.25,5408132.89,5842781.08,49.0,
609898,EBERHART,District,U23041,finance_id,high,12805486.62,13332941.97,12970823.59,102.0,
609899,EBINGER,District,U23051,finance_id,high,9221225.6,9865241.36,10045061.21,82.5,
609900,CURTIS,District,U23061,finance_id,high,5685341.94,5798540.44,5437833.5,46.5,
609901,EDGEBROOK,District,U23071,finance_id,high,7444566.29,8143076.63,7898822.68,62.0,
609902,METCALFE,District,U31061,finance_id,high,5436362.31,5117626.57,5451639.3,50.0,
609903,EDWARDS,District,U23081,finance_id,high,17507114.25,18018507.26,18551391.76,155.0,
609904,ELLINGTON,District,U23101,finance_id,high,9213866.67,9242691.34,9814745.55,87.0,
609907,ERICSON,District,U29051,finance_id,high,5383955.53,5461441.7,5001894.29,41.0,
609908,ESMOND,District,U23131,finance_id,high,4227351.32,4704303.31,4479275.34,37.0,
609909,EVERETT,District,U23141,finance_id,high,3265180.5,4033887.75,3444800.7,28.0,
609910,FALCONER,District,U23151,finance_id,high,12642157.98,13288872.52,14548250.26,119.5,
609912,FARNSWORTH,District,U23161,finance_id,high,9713424.52,10004542.35,9913769.58,84.0,
609917,FERNWOOD,District,U23201,finance_id,high,3711752.7,3210879.16,3932743.98,35.0,
609918,FIELD,District,U23211,finance_id,high,2963101.63,2939369.9,2604388.83,21.0,
609919,FISKE,District,U23221,finance_id,high,6755871.85,6731625.08,6977258.76,59.0,
609920,KANOON,District,U29071,finance_id,high,6899162.08,6913546.36,6615388.78,51.5,
609921,TELPOCHCALLI,District,U23231,finance_id,high,4893951.49,5360169.91,4900053.27,37.0,
609922,BELMONT-CRAGIN,District,U26771,finance_id,high,8492097.66,8914612.1,8630089.66,71.0,
609924,FORT DEARBORN,District,U23241,finance_id,high,6253673.91,6132602.22,6181744.03,53.0,
609925,KELLMAN,District,U23251,finance_id,high,3798902.01,3613158.74,4085604.35,33.5,
609926,FRANKLIN,District,U29081,finance_id,high,5116992.32,5634785.09,5517017.66,42.5,
609927,FOSTER PARK,District,U23261,finance_id,high,7073650.8,7252321.91,6952113.6,63.0,
609928,FARMER,District,U23271,finance_id,high,4568433.18,4750993.43,5020624.19,44.5,
609929,FULTON,District,U23281,finance_id,high,5390642.63,7186439.97,5931386.38,47.5,
609930,FUNSTON,District,U23291,finance_id,high,8772252.62,11080869.55,9165684.54,87.0,
609933,GALE,District,U31081,finance_id,high,8204964.59,8095776.86,8006251.12,74.0,
609935,GALLISTEL,District,U29091,finance_id,high,8528469.63,10372724.43,9004164.91,72.0,
609937,GARVY,District,U23301,finance_id,high,8270093.07,8850370.83,8490975.3,62.0,
609938,GARY,District,U23311,finance_id,high,10842856.37,10732539.82,10582576.45,88.0,
609939,GILLESPIE,District,U23321,finance_id,high,5898741.82,9685380.5,5815911.42,49.0,
609941,RANDOLPH,District,U29111,finance_id,high,6662680.28,6597256.27,6222812.22,50.0,
609942,GOETHE,District,U23341,finance_id,high,9643607.59,10020421.85,10181993.46,87.0,
609943,OWENS,District,U23351,finance_id,high,6593769.23,6313708.03,6282453.66,54.0,
609944,GRISSOM,District,U23361,finance_id,high,5248982.16,5219911.48,5156339.76,42.5,
609945,GOUDY,District,U23371,finance_id,high,8362848.77,8941216.68,8379500.2,67.0,
609947,GRAHAM ES,District,U23391,finance_id,high,6436756.42,6178863.38,6829123.83,61.0,
609949,GRAY,District,U23401,finance_id,high,11972883.81,12579075.46,12199527.01,90.0,
609950,ORTIZ DE DOMINGUEZ,District,U23411,finance_id,high,7577394.61,7624336.3,7680605.1,67.0,
609951,ARIEL,District,U23421,finance_id,high,7522311.31,8622618.52,8015279.33,73.0,
609952,GREENE,District,U23431,finance_id,high,5919870.82,6011446.4,6076336.09,51.0,
609954,GREGORY,District,U23441,finance_id,high,5159470.27,5365202.89,5643388.28,46.5,
609955,GRESHAM,District,U23451,finance_id,high,5068648.25,5200734.22,5372083.57,47.5,
609956,GRIMES,District,U23461,finance_id,high,6108367.98,10454821.39,6374151.1,50.0,
609958,GUNSAULUS,District,U29121,finance_id,high,8812900.42,8990179.32,9221903.44,73.0,
609959,HAINES,District,U23481,finance_id,high,6222203.61,8696194.42,6442540.42,49.5,
609960,HALE,District,U23491,finance_id,high,9360043.27,10178262.2,9689510.18,71.0,
609961,NINOS HEROES,District,U31101,finance_id,high,5528750.4,5555899.97,5673903.17,48.5,
609963,HAMILTON,District,U23501,finance_id,high,6419663.43,13691753.1,6966775.4,55.5,
609964,HAMLINE,District,U23511,finance_id,high,9421934.37,10743927.94,9271540.77,84.0,
609966,HAMMOND,District,U23531,finance_id,high,4898252.16,5059104.71,5203688.26,44.5,
609967,FINKL,District,U23541,finance_id,high,6541138.08,7100998.56,6618237.43,61.0,
609968,MCAULIFFE,District,U23551,finance_id,high,8079365.65,11263888.2,8208834.21,65.5,
609969,HARTE,District,U23561,finance_id,high,5797234.05,6047650.3,5593150.1,45.5,
609971,HARVARD,District,U23581,finance_id,high,6769678.48,6671942.13,7650133.4,69.5,
609972,HAUGAN,District,U23591,finance_id,high,15148447.96,16566596.37,16806169.14,140.5,
609973,ZAPATA,District,U23611,finance_id,high,10085233.01,11779605.85,9728446.92,85.0,
609974,HAWTHORNE,District,U29131,finance_id,high,7477356.9,8169835.33,8621373.92,66.0,
609975,HAY,District,U31111,finance_id,high,4917165.05,4963551.82,4475556.66,34.0,
609976,HAYT,District,U23621,finance_id,high,12937815.03,13595720.18,13351001.08,107.5,
609977,WOODLAWN,District,U23631,finance_id,high,3440920.45,3166496.27,3177556.14,26.0,
609978,SMITH,District,U23641,finance_id,high,6678985.58,6882500.67,7196846.57,64.0,
609979,HEALY,District,U23651,finance_id,high,13833496.96,14342229.15,13632480.48,99.5,
609981,HEARST,District,U23671,finance_id,high,6729571.82,6960341.93,6930196.09,65.0,
609983,HEDGES,District,U23681,finance_id,high,7416066.41,8001825.87,7469855.12,67.0,
609985,HEFFERAN,District,U23711,finance_id,high,4513396.79,4618749.19,4468544.0,36.5,
609986,HENDERSON,District,U23721,finance_id,high,5252221.7,5632400.65,4866130.79,40.5,
609987,HENDRICKS,District,U31121,finance_id,high,5421875.66,5576856.41,6104756.12,54.0,
609988,HENRY,District,U23731,finance_id,high,6733496.07,7400610.08,7516184.37,64.0,
609990,SOUTH LOOP,District,U23751,finance_id,high,10232391.9,10785926.63,11079082.2,96.0,
609991,HERZL,District,U23771,finance_id,high,7952229.14,7838783.29,8452052.8,81.0,
609993,LARA,District,U23791,finance_id,high,8216424.8,8923376.76,8441428.51,74.0,
609994,HIBBARD,District,U23801,finance_id,high,11296825.77,11808790.62,11136557.04,92.0,
609995,HITCH,District,U23811,finance_id,high,6656843.15,7343154.42,7080681.04,56.0,
609996,HOLDEN,District,U23821,finance_id,high,6065943.63,6272271.98,6829975.21,59.5,
609997,HOLMES,District,U23831,finance_id,high,4366406.02,4538575.53,4486115.05,38.0,
610000,HOWE,District,U23851,finance_id,high,5554571.09,5945460.87,6099174.49,56.5,
610002,HOYNE,District,U23871,finance_id,high,4451964.67,4443094.16,4221459.67,31.5,
610003,CUFFE,District,U23881,finance_id,high,4890099.03,5095452.63,4871823.46,40.0,
610004,CULLEN,District,U23891,finance_id,high,3999707.79,4617932.03,4064528.49,34.5,
610005,HUGHES C,District,U23901,finance_id,high,4305637.8,4235413.19,4325122.99,36.5,
610006,HURLEY,District,U23911,finance_id,high,10358335.26,10643819.84,10953069.16,92.0,
610009,GALILEO,District,U29141,finance_id,high,7918989.93,8369654.13,8926206.12,67.0,
610010,JAHN,District,U23921,finance_id,high,6028534.91,6597182.14,6274164.74,54.0,
610011,JAMIESON,District,U23931,finance_id,high,11356506.44,11548587.72,11880125.64,102.0,
610013,PILSEN,District,U31141,finance_id,high,4782292.44,4951527.82,4981543.54,44.5,
610015,JUNGMAN,District,U23961,finance_id,high,6954902.75,8719399.39,7812648.88,66.0,
610016,KELLOGG,District,U23971,finance_id,high,4423247.32,4871496.19,5148049.22,42.5,
610017,SAUCEDO,District,U29151,finance_id,high,14189311.7,15678033.15,14742922.94,133.5,
610019,KERSHAW,District,U23991,finance_id,high,5399650.03,5407099.43,5418790.84,43.5,
610021,CASALS,District,U24011,finance_id,high,4752781.47,5324901.09,4636943.79,38.0,
610022,KILMER,District,U24021,finance_id,high,12405654.73,13397030.67,12532345.37,106.0,
610024,CARDENAS,District,U24051,finance_id,high,12289865.59,13570294.35,12096241.73,93.0,
610026,KINZIE,District,U24071,finance_id,high,10490648.77,10998821.34,10768976.46,87.5,
610027,KIPLING,District,U24081,finance_id,high,4298463.76,4462452.4,4158576.37,33.0,
610029,LOZANO,District,U24101,finance_id,high,5791393.03,5966115.38,6080172.92,55.0,
610030,KOZMINSKI,District,U31151,finance_id,high,5664134.49,5574886.92,5680565.86,51.5,
610032,GREEN,District,U24131,finance_id,high,6458282.4,7142144.83,6068047.8,48.0,
610033,LASALLE,District,U29161,finance_id,high,5919326.59,13178743.8,6391732.84,50.5,
610034,LAWNDALE,District,U31161,finance_id,high,4090793.9,4313624.85,4110914.12,36.5,
610036,LEWIS,District,U24151,finance_id,high,7857152.93,8053128.68,7864288.49,74.0,
610037,LIBBY,District,U24171,finance_id,high,5758133.29,6177079.41,5790923.31,49.0,
610038,LINCOLN,District,U24191,finance_id,high,9355155.12,10154780.24,9846643.41,73.5,
610039,VON LINNE,District,U24201,finance_id,high,8645209.86,8988720.54,8877424.27,68.0,
610040,LLOYD,District,U24221,finance_id,high,12062767.19,12250666.86,11999517.45,95.5,
610041,LOCKE J,District,U24231,finance_id,high,13503139.7,14347663.77,14686651.8,125.0,
610043,LOVETT,District,U24241,finance_id,high,5257447.56,5546575.33,5845881.95,47.5,
610044,LOWELL,District,U24251,finance_id,high,6850945.88,7147712.03,7356738.96,69.0,
610046,LYON,District,U24281,finance_id,high,13099231.12,13530094.6,13486530.57,103.0,
610047,MADISON,District,U24301,finance_id,high,4914314.95,5264474.67,5372322.15,48.0,
610048,MANIERRE,District,U24311,finance_id,high,5553492.47,5624140.42,5516788.68,47.5,
610051,NORTHWEST,District,U41121,finance_id,high,7636174.27,8759564.61,7867115.21,68.0,
610052,MANN,District,U24331,finance_id,high,4537024.49,4557641.38,4906538.47,39.5,
610053,MARQUETTE,District,U24341,finance_id,high,12688734.72,13273701.62,13488930.8,122.0,
610054,MARSH,District,U24361,finance_id,high,10950716.12,10945375.82,11565526.87,103.5,
610055,FARADAY,District,U24371,finance_id,high,4932672.74,4705604.28,4754393.81,41.5,
610056,MASON,District,U24381,finance_id,high,5325605.32,5688351.85,5280915.04,43.5,
610057,FAIRFIELD,District,U26701,finance_id,high,6870135.24,7163473.27,6833541.61,62.5,
610059,MAYER,District,U24401,finance_id,high,9128731.27,9461048.12,10313343.35,88.0,
610060,CHICAGO WORLD LANGUAGE ACADEMY,District,U29171,finance_id,high,6053851.44,6292345.44,6609630.84,54.0,
610062,MIÑOSO,District,U24421,finance_id,high,7179101.09,7520525.35,7180856.43,64.5,
610063,MCCORMICK,District,U24431,finance_id,high,8542875.12,9773729.41,8460545.71,77.5,
610065,TILL,District,U24441,finance_id,high,5890704.55,7375188.21,6337000.9,53.0,
610066,MCDADE,District,U29181,finance_id,high,2991872.11,3174725.54,3226588.66,25.0,
610067,MCKAY,District,U24451,finance_id,high,9261131.89,9720530.35,10734994.58,82.0,
610068,HANSON PARK,District,U24461,finance_id,high,21321508.37,21611971.92,21944102.65,188.5,
610070,MCPHERSON,District,U24471,finance_id,high,13526268.25,14916831.78,15207991.81,136.0,
610073,MITCHELL,District,U24511,finance_id,high,5796765.36,6313072.63,6193486.01,52.0,
610074,LOGAN SQUARE,District,U24531,finance_id,high,9996492.27,10523393.96,10248633.93,83.0,
610076,MOOS,District,U24551,finance_id,high,7942227.21,11139012.59,9199845.19,78.0,
610077,MORRILL,District,U24571,finance_id,high,10015575.69,9341215.34,9040721.85,77.0,
610078,INTER-AMERICAN,District,U29191,finance_id,high,8707907.65,15683470.1,9009312.3,71.0,
610081,SHERIDAN,District,U29201,finance_id,high,6332392.04,6602071.33,6428977.04,48.5,
610082,MOUNT GREENWOOD,District,U24591,finance_id,high,12649971.71,14625402.41,13409154.28,113.0,
610083,BEARD,District,U30051,finance_id,high,12296815.17,12855223.95,12915741.2,129.5,
610084,KELLER,District,U29211,finance_id,high,3145346.72,3313618.51,3037193.22,22.0,
610086,MOUNT VERNON,District,U24601,finance_id,high,4626146.43,4531539.92,5063751.16,40.5,
610087,BLAIR,District,U30071,finance_id,high,8084722.71,8203650.95,8392313.26,75.5,
610088,MOZART,District,U24611,finance_id,high,8933928.54,10394310.53,9964445.55,89.0,
610089,MURPHY,District,U24621,finance_id,high,8103701.93,8299322.8,8041723.16,63.0,
610090,MURRAY,District,U29221,finance_id,high,7102267.34,6961041.99,6943213.04,55.0,
610091,BROWN R,District,U24631,finance_id,high,4884499.54,5160185.91,5537742.25,46.5,
610092,NASH,District,U24641,finance_id,high,6385426.29,6854047.78,7312801.23,70.0,
610093,NEIL,District,U24651,finance_id,high,7787491.29,7864225.66,7954378.4,75.0,
610094,NETTELHORST,District,U24661,finance_id,high,9065111.72,11772294.94,10333620.95,88.0,
610095,NEWBERRY,District,U29231,finance_id,high,5853441.5,6224106.56,6300830.09,55.0,
610096,NIGHTINGALE,District,U24671,finance_id,high,12222479.23,12602362.61,12220291.94,97.5,
610097,NIXON,District,U24681,finance_id,high,9818035.01,9956395.2,9495116.37,75.0,
610098,NOBEL,District,U24691,finance_id,high,8210673.53,8276915.75,8220788.77,67.0,
610099,NORWOOD PARK,District,U24711,finance_id,high,4642518.3,4813215.8,4598873.27,34.0,
610100,WEST PARK,District,U24721,finance_id,high,7611844.13,8138424.5,8244278.61,71.0,
610101,OGDEN ES,District,U24731,finance_id,high,19887750.93,20519138.69,20365670.14,168.5,
610102,OGLESBY,District,U24741,finance_id,high,4653149.28,4790314.06,5138679.52,44.5,
610103,OKEEFFE,District,U24751,finance_id,high,7951193.95,7575675.92,8660578.53,78.0,
610104,ONAHAN,District,U24761,finance_id,high,8226128.41,9944579.94,8396583.05,63.0,
610105,ORIOLE PARK,District,U24771,finance_id,high,8069248.89,8659278.23,8887641.73,73.0,
610106,PICCOLO,District,U24781,finance_id,high,9201611.24,9337655.49,9144537.08,80.0,
610107,OTIS,District,U24791,finance_id,high,7902704.35,8213821.16,8647531.38,81.0,
610108,OTOOLE,District,U24801,finance_id,high,5364789.41,5257170.15,6127484.96,48.5,
610109,OWEN,District,U29241,finance_id,high,4473751.19,4574665.69,4378860.47,37.0,
610110,WELLS ES,District,U24811,finance_id,high,5945585.08,6090867.5,5854362.47,47.5,
610111,PALMER,District,U24821,finance_id,high,9889844.71,11197929.8,10646656.62,89.0,
610112,PARKER,District,U31181,finance_id,high,8146887.46,8598945.97,8811677.97,75.5,
610115,PARK MANOR,District,U24841,finance_id,high,5530738.82,6035651.16,6100290.59,54.5,
610116,PARKSIDE,District,U31201,finance_id,high,5064019.19,5918940.44,4994703.27,41.5,
610117,PASTEUR,District,U24851,finance_id,high,9423926.59,9804811.51,9362232.93,78.0,
610120,PECK,District,U24871,finance_id,high,10856517.87,11050928.43,10634136.89,96.0,
610121,IRVING,District,U24881,finance_id,high,5197093.96,11771606.19,5200710.87,46.5,
610122,PEIRCE,District,U24891,finance_id,high,13884344.48,14868846.36,13851915.95,116.0,
610123,PENN,District,U24911,finance_id,high,4994881.59,5320596.94,4936486.75,41.5,
610124,WASHINGTON H ES,District,U24921,finance_id,high,4975754.36,6387743.44,5241683.35,43.5,
610125,RUIZ,District,U24931,finance_id,high,8552281.31,8830803.55,8448929.3,72.0,
610126,PERSHING,District,U29251,finance_id,high,6935296.14,22524520.61,6742817.85,53.0,
610127,PETERSON,District,U24941,finance_id,high,11237721.36,11630791.8,11383602.88,97.0,
610128,GARVEY,District,U24951,finance_id,high,4042778.92,4098691.72,4043928.28,32.0,
610129,PICKARD,District,U24961,finance_id,high,5962242.63,14003236.75,6200849.62,53.5,
610130,PIRIE,District,U24971,finance_id,high,4061745.42,4002847.62,4023861.48,35.0,
610131,PLAMONDON,District,U24981,finance_id,high,3762726.41,3516736.07,3802807.04,30.5,
610132,POE,District,U29261,finance_id,high,3378771.43,3706887.29,3238590.56,24.0,
610133,WARD L,District,U24991,finance_id,high,6086444.36,6328559.15,6434017.06,56.5,
610135,PORTAGE PARK,District,U25011,finance_id,high,13474441.52,14083049.09,13396286.26,115.0,
610136,PRESCOTT,District,U25021,finance_id,high,6155816.67,6630596.04,6859718.55,56.0,
610137,PRUSSING,District,U25031,finance_id,high,8238137.84,8890577.54,9301589.9,74.0,
610138,PULASKI,District,U31211,finance_id,high,10674004.98,11615210.27,11652721.96,94.0,
610139,PULLMAN,District,U25041,finance_id,high,5459027.0,6009041.77,5613975.95,46.0,
610141,RAVENSWOOD,District,U25061,finance_id,high,7202926.13,7523800.14,7260290.99,58.0,
610142,RAY,District,U25071,finance_id,high,8684418.67,8874431.09,9265463.52,79.0,
610143,REAVIS,District,U25091,finance_id,high,6392865.8,10228147.37,6317114.09,52.5,
610144,REILLY,District,U25101,finance_id,high,8651315.6,9729851.38,8378055.24,64.0,
610145,REINBERG,District,U25111,finance_id,high,12809397.78,13286073.19,12913640.96,106.0,
610146,REVERE,District,U25121,finance_id,high,4164594.26,4838527.88,3962599.86,36.0,
610147,ROGERS,District,U25141,finance_id,high,11604469.04,12495641.79,12743766.12,113.5,
610148,BACK OF THE YARDS ES,District,U25151,finance_id,high,12088967.96,12720949.02,12116446.53,98.0,
610152,RUGGLES,District,U25181,finance_id,high,5127373.89,7200554.98,5520207.73,45.0,
610153,RYDER,District,U25191,finance_id,high,8355992.69,8364863.47,8680738.54,81.0,
610155,SAUGANASH,District,U25211,finance_id,high,7516638.51,8051936.13,7768061.6,63.0,
610157,SAWYER,District,U25231,finance_id,high,11678376.81,11819416.79,11766925.16,90.0,
610158,SAYRE,District,U29271,finance_id,high,6744968.08,6752795.68,7274527.89,60.0,
610159,SCAMMON,District,U25241,finance_id,high,8454856.37,9456883.36,8604252.32,65.0,
610163,STOCK,District,U30081,finance_id,high,5147947.43,5477111.11,5148767.35,41.0,
610165,SCHUBERT,District,U25291,finance_id,high,8324344.85,8685293.74,8271230.45,68.0,
610167,SEWARD,District,U25301,finance_id,high,6257697.41,6334888.4,6420960.31,53.0,
610170,COLUMBIA EXPLORERS,District,U20071,finance_id,high,11061282.29,11269502.5,10387566.92,86.0,
610171,MIRELES,District,U25331,finance_id,high,8250096.72,8493301.02,9009827.51,78.0,
610172,SHERMAN,District,U25341,finance_id,high,4556563.78,4821866.48,4770120.52,44.0,
610173,SHERWOOD,District,U25351,finance_id,high,5556464.28,5647672.75,5462679.62,46.0,
610174,SHIELDS,District,U25361,finance_id,high,7309765.97,7613050.21,7109836.04,55.5,
610175,SHOESMITH,District,U25371,finance_id,high,5257880.33,5398993.31,5426874.25,44.5,
610176,SHOOP,District,U25381,finance_id,high,8525920.01,8151925.33,8623612.69,75.0,
610177,SKINNER,District,U29281,finance_id,high,11834114.09,12044330.17,11851600.22,96.0,
610178,SCHMID,District,U25391,finance_id,high,4744981.17,5602130.52,5286736.16,47.5,
610179,SMYSER,District,U25401,finance_id,high,10518571.68,10991365.15,10625219.47,84.0,
610180,SMYTH,District,U25411,finance_id,high,7406567.46,7704559.28,7928783.61,67.0,
610182,SOLOMON,District,U25431,finance_id,high,6826215.53,7149870.97,7335909.04,64.0,
610183,SPENCER,District,U25441,finance_id,high,6896774.18,7110506.44,6784369.07,58.5,
610184,SPRY ES,District,U25451,finance_id,high,6322406.56,6484176.35,6312961.52,52.5,
610185,STEVENSON,District,U25471,finance_id,high,16511808.97,18039226.23,16728907.66,142.0,
610188,DUNNE,District,U25491,finance_id,high,4473543.23,4665347.33,4312207.6,32.5,
610191,STONE,District,U29291,finance_id,high,7846395.75,8978066.97,7985012.93,63.5,
610192,STOWE,District,U25521,finance_id,high,8884398.55,8886714.72,9067109.85,82.5,
610193,NEW SULLIVAN,District,U25541,finance_id,high,8677159.23,10087897.2,9066621.59,77.5,
610194,SUMNER,District,U31221,finance_id,high,4763669.25,5884725.35,4566893.87,37.5,
610195,SUTHERLAND,District,U25561,finance_id,high,9070894.03,10028757.84,9489523.77,80.0,
610196,SWIFT,District,U25571,finance_id,high,8848109.14,9427809.41,9271526.73,84.0,
610197,TALCOTT,District,U25581,finance_id,high,7743093.06,8149663.51,7918582.54,67.0,
610198,TAYLOR,District,U25591,finance_id,high,6299657.88,6719555.91,6732781.65,57.0,
610199,COLEMON,District,U26751,finance_id,high,4442301.71,4312011.86,4425075.18,36.0,
610200,THORP J,District,U25601,finance_id,high,7239080.78,13678099.53,7350701.08,67.0,
610201,THORP O,District,U29301,finance_id,high,12072638.81,12897308.22,12302946.49,104.0,
610202,TILTON,District,U25621,finance_id,high,4936369.3,4814194.32,4831253.98,40.0,
610203,MONARCAS,District,U25631,finance_id,high,11229124.3,15880688.22,11451986.21,87.0,
610206,TWAIN,District,U25661,finance_id,high,11099599.41,11505895.18,11339297.45,90.5,
610207,VANDERPOEL,District,U29311,finance_id,high,4368971.82,4827118.97,4884134.32,41.5,
610208,LAVIZZO,District,U25671,finance_id,high,6367591.03,6269840.68,6637420.24,58.0,
610209,VOLTA,District,U25681,finance_id,high,9900586.58,9849719.7,10028228.12,82.5,
610212,ALBANY PARK,District,U32011,finance_id,high,3877896.12,3817218.47,3568476.96,27.0,
610213,WADSWORTH,District,U25711,finance_id,high,7484786.0,7348397.91,7591975.56,65.0,
610215,MADERO,District,U41041,finance_id,high,4290228.88,4354332.48,3864210.51,29.5,
610216,WALSH,District,U25731,finance_id,high,6127368.3,6209412.45,6526023.04,54.0,
610217,WARD J,District,U25751,finance_id,high,7110404.7,7340510.66,7366145.16,55.5,
610218,WARREN,District,U25761,finance_id,high,4569542.56,4348741.68,4627609.21,38.0,
610219,WASHINGTON G ES,District,U25771,finance_id,high,7959269.21,8930940.62,8084436.95,61.0,
610220,WATERS,District,U25781,finance_id,high,8609276.4,8953207.7,8856321.23,73.0,
610221,WEBSTER,District,U25791,finance_id,high,4339861.95,4981874.26,4131235.21,33.0,
610223,WENTWORTH,District,U25811,manual_name,high,8666524.81,8723709.09,9213783.62,76.0,
610225,WHISTLER,District,U25831,finance_id,high,5389651.13,5168722.78,5259973.18,48.5,
610226,SANDOVAL,District,U26721,finance_id,high,9433949.25,9880938.61,10153854.54,83.0,
610227,WHITNEY,District,U25841,finance_id,high,8126860.4,8390434.42,7937308.43,65.0,
610228,WHITTIER,District,U25861,finance_id,high,3994217.39,3965576.63,3846583.8,33.0,
610229,PRITZKER,District,U25871,finance_id,high,7814700.87,8138615.88,8027312.67,63.5,
610230,WILDWOOD,District,U25881,finance_id,high,6623725.7,7154782.13,7064720.28,57.0,
610231,NATIONAL TEACHERS,District,U32031,finance_id,high,9867741.23,10175886.3,11168037.35,94.5,
610234,YATES,District,U25911,finance_id,high,6871941.99,7261567.97,7115047.45,60.0,
610235,YOUNG ES,District,U25921,finance_id,high,6995857.23,6890965.22,7552018.85,57.5,
610237,BEETHOVEN,District,U25931,finance_id,high,5447072.8,5507514.16,5896692.43,57.0,
610238,BOND,District,U25941,finance_id,high,5282588.67,6386864.82,5063406.72,39.0,
610239,DALEY,District,U25951,finance_id,high,7251285.64,7219842.93,7103708.24,57.5,
610242,BRENNEMANN,District,U25991,finance_id,high,7415901.98,7525289.27,7930911.92,70.0,
610244,CLARK HS,District,U41051,finance_id,high,8295072.64,8497275.7,8386206.69,70.0,
610245,DOUGLASS HS,District,U41061,finance_id,high,3836431.89,3622023.81,3381027.87,26.0,
610246,BEASLEY,District,U29321,finance_id,high,15981860.78,17302476.16,17196748.9,152.5,
610248,CHICAGO ACADEMY ES,District,U45211,finance_id,high,7687566.68,8161491.04,7988968.38,64.5,
610249,TALMAN,District,U26781,finance_id,high,6132981.43,6881999.4,6289055.06,55.0,
610250,SALAZAR,District,U30101,finance_id,high,4793165.53,4948010.93,4800830.51,42.0,
610251,CATHER,District,U26021,finance_id,high,6663362.02,7166444.5,7441601.13,63.5,
610252,DETT,District,U26031,finance_id,high,6863567.34,7102933.1,7249306.0,70.0,
610254,DVORAK,District,U26051,finance_id,high,4507658.12,5237475.53,4404718.65,40.0,
610256,ROBINSON,District,U26061,finance_id,high,3277516.16,3216030.87,3238402.34,26.0,
610257,MORTON,District,U26091,finance_id,high,5629930.2,5640113.72,6172759.81,51.5,
610263,DULLES,District,U26141,finance_id,high,9325285.28,8609557.2,8802419.65,77.0,
610268,ASHE,District,U26191,finance_id,high,6554414.87,8749410.09,6184149.89,50.5,
610269,MCCUTCHEON,District,U26201,finance_id,high,7824262.47,8984327.82,8266138.78,76.0,
610271,JENSEN,District,U29341,finance_id,high,5262960.51,5392676.04,5285566.57,44.5,
610274,JOHNSON,District,U26231,finance_id,high,4713525.31,5160770.72,4738701.5,43.0,
610276,MOLLISON,District,U26251,finance_id,high,4654172.99,4534614.85,4448764.88,38.0,
610279,TANNER,District,U26281,finance_id,high,5772669.52,8441879.8,5994381.62,49.5,
610281,POWELL,District,U26291,finance_id,high,8299110.99,8501431.01,8559292.8,69.5,
610282,MCNAIR,District,U26301,finance_id,high,8612592.67,8789787.42,9632860.13,98.0,
610284,NEW FIELD,District,U22071,finance_id,high,8733162.52,9212758.2,8452547.84,68.0,
610287,ASHBURN,District,U32081,finance_id,high,6970315.17,7199941.19,6874375.8,57.0,
610290,MAYS,District,U26321,finance_id,high,4668992.67,6679578.37,4487793.85,40.0,
610291,LEE,District,U26331,finance_id,high,7927669.89,8327522.53,7757973.58,65.0,
610293,MELODY,District,U26351,finance_id,high,6621473.14,7012704.73,6773739.06,58.5,
610295,HIGGINS,District,U31251,finance_id,high,5390525.8,5340119.9,5423234.84,45.0,
610298,LENART,District,U29361,finance_id,high,4075934.6,4262749.39,4316355.1,34.0,
610299,KING ES,District,U26371,finance_id,high,3711680.05,6065214.31,4024392.77,33.5,
610300,WESTCOTT,District,U26381,finance_id,high,6549896.88,6511089.87,6420624.05,54.5,
610304,PHOENIX MILITARY HS,District,U55011,finance_id,high,6241308.95,5951431.26,6279723.02,48.5,
610305,LELAND,District,U26391,finance_id,high,6766360.54,7677012.16,8296945.75,77.0,
610308,RUDOLPH,District,U30121,finance_id,high,6105578.16,6218879.93,6358048.15,62.5,
610312,MCDOWELL,District,U26421,finance_id,high,2924678.86,2683125.13,3219369.64,28.0,
610313,DE DIEGO,District,U31261,finance_id,high,9489189.65,9570802.85,9780226.25,89.0,
610315,WHITE,District,U26431,finance_id,high,3591016.85,2916850.15,3489438.62,29.0,
610316,EARHART,District,U26441,finance_id,high,3804309.44,6662695.71,3832505.76,29.0,
610317,BRIGHTON PARK,District,U26451,finance_id,high,5507416.74,5727702.29,5802978.77,47.5,
610319,EVERGREEN,District,U26461,finance_id,high,3749152.72,4040276.93,3752024.82,26.0,
610323,BOWEN HS,District,U46491,finance_id,high,6440628.32,7212250.62,6807584.78,57.5,
610325,AVONDALE-LOGANDALE,District,U41091,finance_id,high,8038504.77,8315893.95,8488368.89,71.0,
610329,OROZCO,District,U31281,finance_id,high,4822783.11,5312875.23,4669426.91,37.0,
610334,RABY HS,District,U46471,finance_id,high,5007082.68,5088013.68,5168531.43,45.0,
610339,STAGG,District,U26521,finance_id,high,6532817.42,6528263.89,6776886.91,60.0,
610340,CHICAGO ACADEMY HS,District,U46481,finance_id,high,8353098.33,8490222.49,8332921.02,63.5,
610342,SABIN,District,U29371,finance_id,high,5846442.02,6320351.34,6338680.66,51.5,
610345,WOODSON,District,U26541,finance_id,high,5670673.11,6775680.48,6310771.03,55.0,
610347,CLAREMONT,District,U31301,finance_id,high,7405161.33,7634729.27,8340091.32,76.0,
610350,BLACK,District,U29381,finance_id,high,5436828.25,5761525.66,5979798.11,46.5,
610352,DURKIN PARK,District,U26831,finance_id,high,9698807.0,9915407.86,10127578.56,82.0,
610353,CALMECA,District,U26821,finance_id,high,9596730.65,9802433.9,9380313.1,75.0,
610354,NORTH RIVER,District,U26841,finance_id,high,5237029.17,5339354.51,5362921.45,47.0,
610355,COURTENAY,District,U30141,finance_id,high,7315363.47,7935594.11,7694409.58,68.0,
610357,SPRY HS,District,U46461,finance_id,high,3414914.57,3210667.56,3473472.84,25.0,
610362,EVERS,District,U26591,finance_id,high,4764374.35,4618450.9,4554474.63,37.0,
610363,DISNEY,District,U29401,finance_id,high,15264322.45,17014854.62,15659773.51,126.5,
610364,DUBOIS,District,U26601,finance_id,high,4383698.85,5055304.14,4383024.91,35.0,
610366,WACKER,District,U26621,finance_id,high,4799178.57,4839195.96,4985398.4,42.5,
610367,DEPRIEST,District,U26631,finance_id,high,8864246.6,7702554.83,9050820.44,80.5,
610368,HUGHES L,District,U22451,finance_id,high,8545320.01,9076209.93,9122626.8,75.5,
610369,JACKSON M,District,U26651,finance_id,high,7226176.3,10432541.11,7567566.21,64.0,
610380,WILLIAMS HS,District,U55161,finance_id,high,3331049.75,3335970.27,3591668.02,27.0,
610381,BRONZEVILLE HS,District,U55191,finance_id,high,4038377.65,4482343.65,4307041.76,34.0,
610383,SOCIAL JUSTICE HS,District,U55171,finance_id,high,5244564.96,5011121.81,4066669.72,33.0,
610384,INFINITY HS,District,U55151,finance_id,high,6407103.87,6793240.47,6143284.74,46.0,
610385,MULTICULTURAL ARTS HS,District,U55181,finance_id,high,5091217.94,5088009.74,4443950.25,32.5,
610386,PEACE AND EDUCATION HS,District,U67021,finance_id,high,5777668.09,6814437.5,6380066.74,49.0,
610389,ORR HS,District,U28151,finance_id,high,6096771.97,14075676.98,5724959.55,50.0,
610390,RICKOVER MILITARY HS,District,U45221,finance_id,high,7951024.79,8210326.46,8607819.19,64.0,
610391,LINDBLOM HS,District,U46511,finance_id,high,16121039.57,17198455.32,16261832.32,133.5,
610392,WORLD LANGUAGE HS,District,U52011,finance_id,high,7233737.23,7229088.71,6628802.49,49.0,
610394,UPLIFT HS,District,U26861,finance_id,high,6633188.74,7550860.14,7550880.42,70.0,
610396,TARKINGTON,District,U26791,finance_id,high,10816069.34,10842641.91,11223859.34,99.0,
610402,DEVRY HS,District,U46521,finance_id,high,3275678.86,3065372.2,3262134.47,18.5,
610405,SUDER,District,U26881,finance_id,high,6978303.91,7346597.66,7532117.61,72.5,
610499,COLLINS STEAM HS,District,U49131,finance_id,high,5222449.94,5790841.27,5322190.41,43.5,
610503,FRAZIER PROSPECTIVE,District,U29411,finance_id,high,3717164.24,3855074.05,4004738.4,34.0,
610504,THOMAS,District,U26891,finance_id,high,4408757.48,5020322.25,4518542.28,38.5,
610513,HOLMES HS,District,U45231,finance_id,high,4608918.96,4805750.18,5168582.45,40.0,
610515,DISNEY II ES,District,U26921,finance_id,high,15387171.55,16464277.54,16771941.01,132.5,
610518,AUSTIN CCA HS,District,U46621,finance_id,high,4350155.73,4763246.92,4610825.98,37.5,
610520,LASALLE II,District,U29101,finance_id,high,8045513.65,8255612.17,8175011.66,63.0,
610521,DAVIS M,District,U29391,finance_id,high,4278315.18,3960340.76,4111149.79,32.0,
610523,EDISON PARK,District,U28081,finance_id,high,7349053.69,8374204.82,8163824.76,71.5,
610524,ALCOTT HS,District,U70241,finance_id,high,7790578.0,7969471.28,7513559.83,60.5,
610529,OGDEN HS,District,U24731,finance_id,high,19887750.93,20519138.69,20365670.14,168.5,
610530,SOUTH SHORE ES,District,U22251,finance_id,high,6492366.63,6602183.73,6540484.19,59.5,
610532,HERNANDEZ,District,U22441,finance_id,high,9209382.58,9442354.27,9154109.61,70.0,
610533,PRIETO,District,U22581,finance_id,high,10557073.87,11165316.37,11028058.36,89.0,
610534,SKINNER NORTH,District,U22591,finance_id,high,5203914.64,5464173.48,5183165.85,40.0,
610539,CAMRAS,District,U22691,finance_id,high,10970195.52,11426530.71,11456628.1,87.0,
610541,LORCA,District,U22341,finance_id,high,9391424.12,9399091.29,8990856.67,69.0,
610542,WEST RIDGE,District,U22381,finance_id,high,9982044.17,10522161.33,11105982.63,100.0,
610543,SOLORIO HS,District,U46101,finance_id,high,16163128.89,16509852.87,16052204.58,131.0,
610544,AZUELA,District,U22921,finance_id,high,8981480.99,8838461.29,9360083.13,77.0,
610547,SOUTH SHORE INTL HS,District,U46631,finance_id,high,10102692.73,10564097.42,10195192.91,84.0,
610548,STEM,District,U22711,finance_id,high,5508971.18,5508277.66,5343564.93,44.5,
610557,PATHWAYS - ASHBURN HS,ALOP,U65018,finance_id,high,5030505.77,4012411.4,5141305.14,0.0,
610558,GOODE HS,District,U46611,finance_id,high,14041345.76,14011166.71,14309174.57,116.5,
610559,SHIELDS MIDDLE,District,U27091,finance_id,high,5067644.93,5303347.92,5286572.09,40.5,
610561,CRANE MEDICAL HS,District,U46641,finance_id,high,5465364.68,6315589.45,5489866.41,44.5,
610563,BACK OF THE YARDS HS,District,U46551,finance_id,high,12864674.18,14380786.57,13979294.41,115.0,
610564,DISNEY II HS,District,U26921,finance_id,high,15387171.55,16464277.54,16771941.01,132.5,
610565,EXCEL ENGLEWOOD HS,Contract,U63142,finance_id,high,4103129.21,4761598.95,4443005.52,0.0,
610568,PATHWAYS - AVONDALE HS,ALOP,U65016,finance_id,high,5310429.09,4524235.96,5679677.45,0.0,
610569,OMBUDSMAN - NORTHWEST HS,ALOP,U65013,finance_id,high,4497842.76,4002340.92,5004193.38,0.0,
610570,OMBUDSMAN - SOUTH HS,ALOP,U65014,finance_id,high,4094006.56,2874925.06,4660625.97,0.0,
610571,OMBUDSMAN - WEST HS,ALOP,U65015,finance_id,high,3408567.01,1827048.36,2701147.57,0.0,
610572,SAFE ACHIEVE ES,SAFE,,none,,,,,,
610573,SAFE ACHIEVE HS,SAFE,U66011,finance_id,high,1673364.7,2022313.19,1799995.44,0.0,
610586,SADLOWSKI,District,U22631,finance_id,high,11108452.66,12020121.15,12827654.78,117.5,
610587,DYETT ARTS HS,District,U46681,finance_id,high,7362313.91,7430837.57,7671200.88,66.0,
610588,RICHARDSON,District,U23381,finance_id,high,10441120.94,10858927.15,10917284.8,84.0,
610589,SOR JUANA,District,U23521,finance_id,high,6310916.37,6904170.2,6875833.45,55.5,
610590,BRONZEVILLE CLASSICAL,District,U26181,finance_id,high,4807578.19,5180550.35,5195586.35,40.0,
610592,ENGLEWOOD STEM HS,District,U46691,finance_id,high,10214129.13,10237188.09,9871654.74,85.0,
610593,OMBUDSMAN - ROSELAND HS,ALOP,U69617,finance_id,high,2745503.68,1932750.07,2360029.84,0.0,
610594,PATHWAYS - HUMBOLDT PARK HS,ALOP,U69618,finance_id,high,2666399.27,2157321.82,2756440.68,0.0,
610595,FISHER,District,U30151,finance_id,high,3017291.69,3172553.31,3361228.88,32.0,
610599,CATALPA,District,U26081,finance_id,high,4119333.83,4333746.49,4246489.19,40.0,
610601,SAFE ACHIEVE WEST HS,SAFE,U66012,finance_id,high,1466616.87,1487648.59,1402638.23,0.0,
610602,FUENTES,District,U23691,manual_name,medium,0.0,120206.29,4456134.85,38.0,new district unit; matched by name to Acero predecessor site
610603,SANTIAGO,District,U23701,manual_name,medium,0.0,53274.0,3972579.85,33.0,new district unit; matched by name
610604,DE LAS CASAS,District,U23781,manual_name,medium,0.0,173586.85,3786453.12,32.0,new district unit; matched by name
610605,CISNEROS,District,U24111,manual_name,medium,0.0,128670.97,4000548.84,33.5,new district unit; matched by name
610606,TAMAYO,District,U24211,manual_name,medium,0.0,111456.02,4011055.34,33.0,new district unit; matched by name
610607,CHICAGO ARTS HS,District,U63051,manual_name,medium,8659669.52,10346301.83,0.0,0.0,ChiArts unit U63051 (contract-era); confirm FY27 unit once CPS-managed
