school_id,school_name,governance,rcdts,method,confidence,notes
400009,GLOBAL CITIZENSHIP,Charter,15016299025229C,legacy_portal,high,
400011,LOCKE A,Charter,15016299025206C,legacy_portal,high,
400021,CATALYST - CIRCLE ROCK,Charter,15016299025228C,legacy_portal,high,
400023,CICS - AVALON/SOUTH SHORE,Charter,15016299025252C,manual_name,high,"ISBE ""CICS - Avalon/South Shore"""
400024,CICS - BASIL,Charter,15016299025277C,manual_name,high,"ISBE ""CICS - Basil Campus"""
400025,CICS - BUCKTOWN,Charter,15016299025246C,manual_name,high,"ISBE ""CICS - Bucktown Campus"""
400026,CICS - LOOMIS,Charter,15016299025255C,manual_name,high,"ISBE ""CICS - Loomis Primary Campus"" (ISBE K-2, CPS now K-3)"
400027,CICS - IRVING PARK,Charter,15016299025254C,manual_name,high,"ISBE ""CICS - Irving Park Campus"""
400028,CICS - PRAIRIE,Charter,15016299025248C,manual_name,high,"ISBE ""CICS - Prairie Campus"""
400029,CICS - WASHINGTON PARK,Charter,15016299025249C,manual_name,high,"ISBE ""CICS - Washington Pk Campus"""
400030,CICS - WEST BELDEN,Charter,15016299025251C,manual_name,high,"ISBE ""CICS - West Belden Campus"""
400031,CICS - WRIGHTWOOD,Charter,15016299025278C,manual_name,high,"ISBE ""CICS - Wrightwood"""
400032,CICS - ELLISON HS,Charter,15016299025083C,manual_name,high,"ISBE ""CICS - Ralph Ellison Campus"" (9-12)"
400033,CICS - LONGWOOD,Charter,15016299025247C,manual_name,high,"ISBE ""CICS - Longwood Campus"" (ISBE 3-12, CPS 4-12)"
400034,CICS - NORTHTOWN HS,Charter,15016299025082C,manual_name,high,"ISBE ""CICS - Northtown Campus"" (9-12)"
400035,CHICAGO MATH & SCIENCE HS,Charter,15016299025217C,legacy_portal,high,
400039,ERIE,Charter,15016299025219C,legacy_portal,high,
400044,KIPP - ASCEND,Charter,15016299025282C,manual_name,high,"ISBE ""KIPP Chicago Charters - Ascend Academy"""
400046,LEARN - BUTLER,Charter,15016299025283C,manual_name,high,"ISBE ""LEARN Chtr - Butler"""
400047,LEARN - CAMPBELL,Charter,15016299025273C,manual_name,high,"ISBE ""LEARN Chtr-Campbell Campus"""
400048,LEARN - EXCEL,Charter,15016299025272C,manual_name_address,high,"ISBE ""LEARN Charter Excel Campus""; shares 3021 W Carroll with LEARN 7 and LEARN Middle, distinguished by name and grades (K-6)"
400049,LEGACY,Charter,15016299025221C,legacy_portal,high,
400050,NAMASTE,Charter,15016299025218C,legacy_portal,high,
400051,NOBLE - NOBLE HS,Charter,15016299025041C,manual_name,high,"ISBE ""Noble St Chtr-Noble Campus"""
400052,NOBLE - COMER,Charter,15016299025032C,manual_name,high,"ISBE ""Noble St Chtr-Comer College Prep"" (6-12 both sides)"
400053,NOBLE - GOLDER HS,Charter,15016299025031C,manual_name,high,"ISBE ""Noble St Chtr-Golder College Prep"""
400054,NOBLE - PRITZKER HS,Charter,15016299025028C,manual_name,high,"ISBE ""Noble St Chtr-Pritzker College Prep"""
400055,NOBLE - RAUNER HS,Charter,15016299025029C,manual_name,high,"ISBE ""Noble St Chtr Rauner College Prep"""
400056,NOBLE - ROWE CLARK HS,Charter,15016299025030C,manual_name,high,"ISBE ""Noble St Chtr-Rowe-Clark MS Acad"" (Math & Science Academy)"
400057,NOBLE - UIC HS,Charter,15016299025033C,manual_name,high,"ISBE ""Noble St Chtr-UIC College Prep"""
400058,NLCP - CHRISTIANA HS,Charter,15016299025084C,manual_name,high,"ISBE ""North Lawndale Prep Chtr - Christiana""; Collins campus shares the CPS address but has its own ISBE row"
400059,NLCP - COLLINS HS,Charter,15016299025046C,manual_name,high,"ISBE ""North Lawndale Prep Chtr-Collins""; CPS lists same street address as Christiana"
400060,PASSAGES,Charter,15016299025214C,legacy_portal,high,
400061,PERSPECTIVES - LEADERSHIP HS,Charter,15016299025051C,manual_name,high,"ISBE ""Perspectives Chtr - Leadership Acad"""
400062,PERSPECTIVES - TECH HS,Charter,15016299025052C,manual_name,high,"ISBE ""Perspectives Chtr - High School of Technology"""
400064,PERSPECTIVES - JOSLIN HS,Charter,15016299025050C,manual_name,high,"ISBE ""Perspectives Chtr - Joslin Campus"""
400066,PERSPECTIVES - MATH & SCI HS,Charter,15016299025053C,manual_name_address,medium,"ISBE ""Perspectives Chtr - IIT Campus"" (6-12); CPS ""Perspectives - Math and Science Academy"" at 3663 S Wabash (IIT area, historically Perspectives/IIT Math & Science Academy); last Perspectives row left, grades match"
400069,POLARIS,Charter,15016299025226C,legacy_portal,high,
400071,PROVIDENCE ENGLEWOOD,Charter,15016299025224C,legacy_portal,high,
400075,U OF C - DONOGHUE,Charter,15016299025281C,manual_name,high,"ISBE ""Univ of Chicago Chtr-Donoghue"""
400076,U OF C - NKO,Charter,15016299025258C,manual_name,high,"ISBE ""Univ of Chicago Chtr-Nth Kenwood"" (North Kenwood/Oakland)"
400077,U OF C - WOODLAWN HS,Charter,15016299025107C,manual_name,high,"ISBE ""Univ of Chicago Chtr-Woodlawn"" (6-12)"
400079,ACERO - ZIZUMBO,Charter,15016299025264C,manual_name,high,"ISBE ""Acero Chtr Sch Network - SPC Daniel Zizumbo Elem Sch"""
400080,ACERO - TORRES,Charter,15016299025285C,manual_name,high,"ISBE ""Acero Chtr Sch Network - PFC Omar E Torres Elem Sch"""
400085,ACERO - GARCIA HS,Charter,15016299025085C,manual_name,high,"ISBE ""Acero Chtr Sch Network - Major Hector P Garcia MD H S"""
400086,URBAN PREP HS,Charter,15016299025010C,legacy_portal,high,
400089,ACERO - MARQUEZ,Charter,15016299025263C,manual_name,high,"ISBE ""Acero Chtr Sch Network - Officer Donald J Marquez Elem"""
400091,CHICAGO TECH HS,Contract,150162990250850,legacy_portal,high,
400092,CICS - BOND,Charter,15016299025280C,manual_name,high,"ISBE ""CICS - Bond Campus"" (CPS long name CICS - Lloyd Bond)"
400096,ROWE,Charter,15016299025230C,legacy_portal,high,
400097,NOBLE - BULLS HS,Charter,15016299025034C,manual_name,high,"ISBE ""Noble St Chtr-Chicago Bulls Prep"""
400098,NOBLE - MUCHIN HS,Charter,15016299025035C,manual_name,high,"ISBE ""Noble St Chtr-Muchin College Prep"""
400104,INSTITUTO - HEALTH,Charter,15016299025012C,legacy_portal,high,
400106,NOBLE - JOHNSON HS,Charter,15016299025036C,manual_name,high,"ISBE ""Noble St Chtr-Johnson College Prep"""
400107,LEARN - SOUTH CHICAGO,Charter,15016299025274C,manual_name,high,"ISBE ""LEARN Chtr - South Chicago Campus"""
400111,LEARN - PERKINS,Charter,15016299025275C,manual_name,high,"ISBE ""LEARN Chtr - Hunter Perkins Campus"""
400112,ACERO - IDAR,Charter,15016299025284C,manual_name,high,"ISBE ""Acero Chtr Sch Network - Jovita Idar Elem School"""
400115,CATALYST - MARIA,Charter,15016299025232C,legacy_portal,high,
400116,MONTESSORI ENGLEWOOD,Charter,15016299025233C,legacy_portal,high,
400117,NOBLE - HANSBERRY HS,Charter,15016299025037C,manual_name,high,"ISBE ""Noble St Chtr-Hansberry College Prep - Silver"""
400118,NOBLE - DRW HS,Charter,15016299025038C,manual_name,high,"ISBE ""Noble St Chtr-DRW Trading College Prep"""
400119,LEGAL PREP HS,Charter,15016299025019C,legacy_portal,high,
400120,ACERO - CLEMENTE,Charter,15016299025268C,manual_name,high,"ISBE ""Acero Chtr Sch Newtwork - Roberto Clemente Elem School"""
400123,YCCS - SCHOLASTIC ACHIEVEMENT,Charter,15016299025054C,manual_name,high,"ISBE ""YCCS-Scholastic Achievement HS"""
400124,YCCS - MCKINLEY,Charter,15016299025055C,manual_name,high,"ISBE ""YCCS- McKinley-Lakeside Leadership Academy"""
400125,YCCS - ASPIRA PANTOJA,Charter,15016299025056C,manual_name,high,"ISBE ""YCCS-ASPIRA Pantoja Alt HS"""
400126,YCCS - ASSOCIATION HOUSE,Charter,15016299025057C,manual_name,high,"ISBE ""YCCS-Association House"""
400128,YCCS - CCA ACADEMY,Charter,15016299025059C,manual_name,high,"ISBE ""YCCS-CCA Academy HS"""
400129,YCCS - PROGRESSIVE LEADERSHIP,Charter,15016299025060C,manual_name,high,"ISBE ""YCCS-Progressive Leadership Academy"""
400130,YCCS - YOUTH DEVELOPMENT,Charter,15016299025061C,manual_name,high,"ISBE ""YCCS-Community Youth Dev Inst HS"" (CPS long name Community Youth Development Institute)"
400131,YCCS - CAMPOS,Charter,15016299025062C,manual_name,high,"ISBE ""YCCS-Albizu Campos Puerto Rican HS"""
400133,YCCS - INNOVATIONS,Charter,15016299025063C,manual_name,high,"ISBE ""YCCS-Innovations of Arts Integr HS"""
400135,YCCS - LATINO YOUTH,Charter,15016299025065C,manual_name,high,"ISBE ""YCCS-Latino Youth Alternative HS"""
400136,YCCS - OLIVE HARVEY,Charter,15016299025066C,manual_name,high,"ISBE ""YCCS-Olive Harvey Mid College HS"""
400139,YCCS - SULLIVAN,Charter,15016299025067C,manual_name,high,"ISBE ""YCCS-Sullivan House Alt HS"""
400141,YCCS - TRUMAN,Charter,15016299025068C,manual_name,high,"ISBE ""YCCS-Truman Middle College HS"""
400143,YCCS - WEST TOWN,Charter,15016299025070C,manual_name,high,"ISBE ""YCCS-West Town Academy Alt HS"""
400144,YCCS - WEST,Charter,15016299025071C,manual_name,high,"ISBE ""YCCS West"""
400145,YCCS - YOUTH CONNECTION,Charter,15016299025072C,manual_name,high,"ISBE ""YCCS-Youth Connection Leadership Academy"""
400146,KIPP - ACADEMY,Charter,15016299025101C,manual_name,high,"ISBE ""KIPP Academy Chicago Campus"""
400147,CHICAGO EXCEL HS,Contract,,no_isbe_record,high,Contract options school (Excel Academy); no ISBE 2025 Report Card row found
400149,ACERO - SOTO HS,Charter,15016299025086C,manual_name,high,"ISBE ""Acero Chtr Sch Network Victoria Soto Campus"" (9-12)"
400150,YCCS - CHATHAM,Charter,15016299025073C,manual_name,high,"ISBE ""YCCS Chtr - Chatham"""
400151,LEARN - 7,Charter,15016299025276C,manual_name_address,high,"ISBE ""LEARN Chtr - 7th Campus"" (K-5); shares building with Excel/Middle campuses"
400153,ACERO - BRIGHTON PARK,Charter,15016299025270C,manual_name,high,"ISBE ""Acero Chtr Sch Network - Brighton Park Elem School"""
400156,NOBLE - BUTLER HS,Charter,15016299025039C,manual_name,high,"ISBE ""Noble St Chtr-Butler College Prep - Crimson"""
400157,NOBLE - BAKER HS,Charter,15016299025040C,manual_name,high,"ISBE ""Noble St Chtr-Baker Campus"""
400159,CHRISTOPHER HOUSE,Charter,15016299025235C,manual_name,high,"ISBE ""Christopher House Chrt ES"" (not district Christopher ES 25-2904, which is claimed by 609855)"
400161,CHICAGO COLLEGIATE,Charter,15016299025236C,manual_name,high,"ISBE ""Chicago Collegiate Charter School"" (ISBE 5-12, CPS now 7-12)"
400162,INTRINSIC HS,Charter,15016299025022C,manual_name_address,high,"ISBE ""Intrinsic Charter High School"" (7-12, Belmont campus); not Intrinsic 2 (15-016-9050, separate state-authorized district, outside 2990)"
400163,KIPP - BLOOM,Charter,15016299025103C,manual_name,high,"ISBE ""KIPP Chicago Charters - Bloom Campus"""
400164,INSTITUTO - JUSTICE HS,Charter,15016299025020C,manual_name,high,"ISBE ""IJLA Charter High School"" = Instituto Justice and Leadership Academy"
400165,LEARN - MIDDLE,Charter,15016299025109C,manual_name_address,high,"ISBE ""LEARN Chtr - Middle School"" (6-8); shares building with Excel/7th campuses"
400167,HORIZON - SOUTHWEST,Charter,15016299025240C,manual_name,high,"ISBE ""Horizon Sci Academy - Southwest Charter"" (K-12); other Horizon campuses are separate state-authorized districts"
400168,GREAT LAKES,Charter,15016299025241C,manual_name,high,"ISBE ""Great Lakes Academy Charter ES"""
400169,NOBLE - ITW SPEER HS,Charter,15016299025042C,manual_name,high,"ISBE ""Noble St Chtr-ITW Speer Acad"""
400170,NOBLE - ACADEMY HS,Charter,15016299025043C,manual_name,high,"ISBE ""Noble St Chtr-The Noble Academy"""
400173,PATHWAYS - BRIGHTON PARK HS,ALOP,,no_isbe_record,high,ALOP (Pathways in Education); not reported as a school by ISBE
400175,EXCEL SOUTH SHORE HS,Contract,,no_isbe_record,high,Contract options school (Excel Academy); no ISBE 2025 Report Card row found
400176,EXCEL SOUTHWEST HS,Contract,,no_isbe_record,high,Contract options school (Excel Academy); no ISBE 2025 Report Card row found
400178,MOVING EVEREST,Charter,15016299025244C,manual_name,high,"ISBE ""Moving Everest Charter School"""
400179,NOBLE - MANSUETO HS,Charter,15016299025044C,manual_name,high,"ISBE ""Noble St Chtr - Mansueto"""
400180,KIPP - ONE,Charter,15016299025245C,manual_name,high,"ISBE ""KIPP Chicago Charter School - KIPP One Academy"""
400181,ART IN MOTION,Charter,15016299025111C,manual_name,high,"ISBE ""Art in Motion Charter School"" (7-12)"
400182,CATALYST MARIA HS,Charter,,no_isbe_record,medium,"Catalyst Maria HS has its own CPS ID but ISBE reports Catalyst Maria as a single K-12 school (25-232C), which is mapped to 400115 CATALYST - MARIA; ISBE figures for 400115 therefore include these HS students"
609674,CHICAGO VOCATIONAL HS,District,150162990250526,legacy_portal,high,
609676,DUNBAR HS,District,150162990250531,legacy_portal,high,
609678,JONES HS,District,150162990250533,legacy_portal,high,
609679,PROSSER HS,District,150162990250534,legacy_portal,high,
609680,PAYTON HS,District,150162990250796,legacy_portal,high,
609682,RICHARDS HS,District,150162990250536,legacy_portal,high,
609691,NORTH-GRAND HS,District,150162990250825,legacy_portal,high,
609692,SIMEON HS,District,150162990250537,legacy_portal,high,
609693,WESTINGHOUSE HS,District,150162990250857,legacy_portal,high,
609694,HANCOCK HS,District,150162990250779,legacy_portal,high,
609695,AMUNDSEN HS,District,150162990250001,legacy_portal,high,
609698,BOGAN HS,District,150162990250003,legacy_portal,high,
609704,FARRAGUT HS,District,150162990250011,legacy_portal,high,
609705,FENGER HS,District,150162990250012,legacy_portal,high,
609708,FOREMAN HS,District,150162990250013,legacy_portal,high,
609709,GAGE PARK HS,District,150162990250015,legacy_portal,high,
609710,HARLAN HS,District,150162990250016,legacy_portal,high,
609712,HIRSCH HS,District,150162990250019,legacy_portal,high,
609713,HYDE PARK HS,District,150162990250021,legacy_portal,high,
609715,KELLY HS,District,150162990250022,legacy_portal,high,
609716,KELVYN PARK HS,District,150162990250023,legacy_portal,high,
609718,KENNEDY HS,District,150162990250024,legacy_portal,high,
609719,LAKE VIEW HS,District,150162990250026,legacy_portal,high,
609720,LANE TECH HS,District,150162990250027,legacy_portal,high,
609722,MANLEY HS,District,150162990250616,legacy_portal,high,
609723,MARSHALL HS,District,150162990250029,legacy_portal,high,
609724,MATHER HS,District,150162990250030,legacy_portal,high,
609725,MORGAN PARK HS,District,150162990250031,legacy_portal,high,
609726,BROOKS HS,District,150162990250788,legacy_portal,high,
609727,PHILLIPS HS,District,150162990250034,legacy_portal,high,
609728,ROOSEVELT HS,District,150162990250035,legacy_portal,high,
609729,SCHURZ HS,District,150162990250036,legacy_portal,high,
609730,SENN HS,District,150162990250037,legacy_portal,high,
609732,STEINMETZ HS,District,150162990250041,legacy_portal,high,
609733,SULLIVAN HS,District,150162990250042,legacy_portal,high,
609734,TAFT HS,District,150162990250043,legacy_portal,high,
609735,TILDEN HS,District,150162990250044,legacy_portal,high,
609737,VON STEUBEN HS,District,150162990250046,legacy_portal,high,
609738,LINCOLN PARK HS,District,150162990250047,legacy_portal,high,
609739,WASHINGTON HS,District,150162990250048,legacy_portal,high,
609740,WELLS HS,District,150162990250049,legacy_portal,high,
609741,HUBBARD HS,District,150162990250020,legacy_portal,high,
609744,NORTHSIDE LEARNING HS,District,,no_isbe_record,high,District specialty (special-education) HS; no ISBE 2025 Report Card row under any name variant
609745,SOUTHSIDE HS,District,,no_isbe_record,high,District specialty (special-education) HS; no ISBE 2025 Report Card row under any name variant
609746,KENWOOD HS,District,150162990250025,legacy_portal,high,
609748,YORK HS,District,,no_isbe_record,high,"District options HS (York, Cook County Jail); no ISBE 2025 Report Card row"
609749,NORTHSIDE PREP HS,District,150162990250794,legacy_portal,high,
609750,SIMPSON HS,District,,no_isbe_record,high,District options HS (Simpson Academy); no ISBE 2025 Report Card row
609751,KING HS,District,150162990250039,legacy_portal,high,
609753,CHICAGO AGRICULTURE HS,District,150162990250772,legacy_portal,high,
609754,CHICAGO MILITARY HS,District,150162990250795,legacy_portal,high,
609755,YOUNG HS,District,150162990250764,legacy_portal,high,
609756,CURIE HS,District,150162990250617,legacy_portal,high,
609759,CLEMENTE HS,District,150162990250545,legacy_portal,high,
609760,CARVER MILITARY HS,District,150162990250006,legacy_portal,high,
609761,CORLISS HS,District,150162990250543,legacy_portal,high,
609762,JULIAN HS,District,150162990250763,legacy_portal,high,
609764,JUAREZ HS,District,150162990250767,legacy_portal,high,
609766,VAUGHN HS,District,,no_isbe_record,high,District specialty (special-education) HS; no ISBE 2025 Report Card row under any name variant
609769,GRAHAM HS,District,,no_isbe_record,high,"District specialty (special-education) HS; no ISBE 2025 Report Card row under any name variant (ISBE ""Graham A Elem"" is a different school, claimed by 609947)"
609772,ADDAMS,District,150162990252051,legacy_portal,high,
609773,TUBMAN,District,150162990252052,legacy_portal,high,
609774,ALCOTT ES,District,150162990252053,legacy_portal,high,
609777,ARMOUR,District,150162990252058,legacy_portal,high,
609779,ARMSTRONG G,District,150162990252059,legacy_portal,high,
609780,MILITARY LEADERSHIP HS,District,150162990252912,legacy_portal,high,
609782,AUDUBON,District,150162990252062,legacy_portal,high,
609783,JEFFERSON HS,District,,no_isbe_record,high,"District options HS (Jefferson, juvenile detention); no ISBE 2025 Report Card row"
609786,AVALON PARK,District,150162990252063,legacy_portal,high,
609788,BARNARD,District,150162990252066,legacy_portal,high,
609789,BARRY,District,150162990252067,legacy_portal,high,
609790,BARTON,District,150162990252068,legacy_portal,high,
609791,BASS,District,150162990252069,legacy_portal,high,
609792,BATEMAN,District,150162990252070,legacy_portal,high,
609793,NICHOLSON,District,150162990252072,legacy_portal,high,
609794,EDISON,District,150162990252184,legacy_portal,high,
609795,CLARK ES,District,150162990252700,legacy_portal,high,
609796,BEAUBIEN,District,150162990252078,legacy_portal,high,
609797,BEIDLER,District,150162990252080,legacy_portal,high,
609798,BELDING,District,150162990252081,legacy_portal,high,
609799,BELL,District,150162990252082,legacy_portal,high,
609800,BENNETT,District,150162990252083,legacy_portal,high,
609803,BLAINE,District,150162990252087,legacy_portal,high,
609804,MOSAIC,District,150162990252089,legacy_portal,high,
609805,JOPLIN,District,150162990252775,legacy_portal,high,
609806,BRADWELL,District,150162990252090,legacy_portal,high,
609807,HAMPTON,District,150162990252916,legacy_portal,high,
609808,HALEY,District,150162990252092,legacy_portal,high,
609809,BRENTANO,District,150162990252094,legacy_portal,high,
609810,BRIDGE,District,150162990252095,legacy_portal,high,
609811,BRIGHT,District,150162990252096,legacy_portal,high,
609812,BROWN W,District,150162990252097,legacy_portal,high,
609813,BROWNELL,District,150162990252098,legacy_portal,high,
609815,BOUCHET,District,150162990252100,legacy_portal,high,
609817,BUDLONG,District,150162990252101,legacy_portal,high,
609818,BURBANK,District,150162990252102,legacy_portal,high,
609819,BURKE,District,150162990252103,legacy_portal,high,
609820,BURLEY,District,150162990252104,legacy_portal,high,
609821,BURNHAM,District,150162990252105,legacy_portal,high,
609827,BURNSIDE,District,150162990252107,legacy_portal,high,
609828,BURR,District,150162990252108,legacy_portal,high,
609829,BURROUGHS,District,150162990252109,legacy_portal,high,
609830,BRUNSON,District,150162990252110,legacy_portal,high,
609832,BYRNE,District,150162990252112,legacy_portal,high,
609833,DAISY BATES,District,150162990252113,legacy_portal,high,
609834,LITTLE VILLAGE,District,150162990252896,legacy_portal,high,
609835,CAMERON,District,150162990252118,legacy_portal,high,
609836,CANTY,District,150162990252119,legacy_portal,high,
609837,CARNEGIE,District,150162990252120,legacy_portal,high,
609839,CARROLL,District,150162990252122,legacy_portal,high,
609842,CARSON,District,150162990252876,legacy_portal,high,
609844,CARTER,District,150162990252123,legacy_portal,high,
609845,CARVER G,District,150162990252372,legacy_portal,high,
609848,ALDRIDGE,District,150162990252054,legacy_portal,high,
609849,CASSELL,District,150162990252126,legacy_portal,high,
609850,GREELEY,District,150162990252227,legacy_portal,high,
609851,CHALMERS,District,150162990252128,legacy_portal,high,
609852,CHAPPELL,District,150162990252129,legacy_portal,high,
609853,CHASE,District,150162990252130,legacy_portal,high,
609854,CHOPIN,District,150162990252155,legacy_portal,high,
609855,CHRISTOPHER,District,150162990252904,legacy_portal,high,
609856,CLAY,District,150162990252132,legacy_portal,high,
609857,CLEVELAND,District,150162990252133,legacy_portal,high,
609859,CLINTON,District,150162990252134,legacy_portal,high,
609861,CLISSOLD,District,150162990252135,legacy_portal,high,
609862,COLES,District,150162990252136,legacy_portal,high,
609863,GINSBURG,District,150162990252138,legacy_portal,high,
609864,COOK,District,150162990252139,legacy_portal,high,
609865,JORDAN,District,150162990252889,legacy_portal,high,
609866,COONLEY,District,150162990252141,legacy_portal,high,
609867,COOPER,District,150162990252142,legacy_portal,high,
609869,LANGFORD,District,150162990252704,legacy_portal,high,
609870,CORKERY,District,150162990252145,legacy_portal,high,
609871,VICK,District,150162990253781,legacy_portal,high,
609872,PEREZ,District,150162990252864,legacy_portal,high,
609873,CROWN,District,150162990252147,legacy_portal,high,
609874,DIRKSEN,District,150162990252603,legacy_portal,high,
609875,DARWIN,District,150162990252148,legacy_portal,high,
609876,DAVIS N,District,150162990252149,legacy_portal,high,
609879,DAWES,District,150162990252150,legacy_portal,high,
609880,DECATUR,District,150162990252805,legacy_portal,high,
609883,DENEEN,District,150162990252153,legacy_portal,high,
609884,DEVER,District,150162990252158,legacy_portal,high,
609885,DEWEY,District,150162990252159,legacy_portal,high,
609887,DIXON,District,150162990252161,legacy_portal,high,
609891,DOOLITTLE,District,150162990252937,legacy_portal,high,
609893,DORE,District,150162990252167,legacy_portal,high,
609894,DRAKE,District,150162990252169,legacy_portal,high,
609895,TURNER-DREW,District,150162990252826,legacy_portal,high,
609896,DRUMMOND,District,150162990252172,legacy_portal,high,
609897,EARLE,District,150162990252180,legacy_portal,high,
609898,EBERHART,District,150162990252181,legacy_portal,high,
609899,EBINGER,District,150162990252182,legacy_portal,high,
609900,CURTIS,District,150162990252799,legacy_portal,high,
609901,EDGEBROOK,District,150162990252183,legacy_portal,high,
609902,METCALFE,District,150162990252804,legacy_portal,high,
609903,EDWARDS,District,150162990252185,legacy_portal,high,
609904,ELLINGTON,District,150162990252187,legacy_portal,high,
609907,ERICSON,District,150162990252190,legacy_portal,high,
609908,ESMOND,District,150162990252191,legacy_portal,high,
609909,EVERETT,District,150162990252192,legacy_portal,high,
609910,FALCONER,District,150162990252194,legacy_portal,high,
609912,FARNSWORTH,District,150162990252198,legacy_portal,high,
609917,FERNWOOD,District,150162990252202,legacy_portal,high,
609918,FIELD,District,150162990252203,legacy_portal,high,
609919,FISKE,District,150162990252204,legacy_portal,high,
609920,KANOON,District,150162990252806,legacy_portal,high,
609921,TELPOCHCALLI,District,150162990252901,legacy_portal,high,
609922,BELMONT-CRAGIN,District,150162990252923,legacy_portal,high,
609924,FORT DEARBORN,District,150162990252206,legacy_portal,high,
609925,KELLMAN,District,150162990252892,legacy_portal,high,
609926,FRANKLIN,District,150162990252207,legacy_portal,high,
609927,FOSTER PARK,District,150162990252618,legacy_portal,high,
609928,FARMER,District,150162990252209,legacy_portal,high,
609929,FULTON,District,150162990252210,legacy_portal,high,
609930,FUNSTON,District,150162990252211,legacy_portal,high,
609933,GALE,District,150162990252212,legacy_portal,high,
609935,GALLISTEL,District,150162990252213,legacy_portal,high,
609937,GARVY,District,150162990252214,legacy_portal,high,
609938,GARY,District,150162990252215,legacy_portal,high,
609939,GILLESPIE,District,150162990252236,legacy_portal,high,
609941,RANDOLPH,District,150162990252807,legacy_portal,high,
609942,GOETHE,District,150162990252220,legacy_portal,high,
609943,OWENS,District,150162990252222,legacy_portal,high,
609944,GRISSOM,District,150162990252622,legacy_portal,high,
609945,GOUDY,District,150162990252223,legacy_portal,high,
609947,GRAHAM ES,District,150162990252224,legacy_portal,high,
609949,GRAY,District,150162990252226,legacy_portal,high,
609950,ORTIZ DE DOMINGUEZ,District,150162990252898,legacy_portal,high,
609951,ARIEL,District,150162990252895,legacy_portal,high,
609952,GREENE,District,150162990252229,legacy_portal,high,
609954,GREGORY,District,150162990252230,legacy_portal,high,
609955,GRESHAM,District,150162990252231,legacy_portal,high,
609956,GRIMES,District,150162990252232,legacy_portal,high,
609958,GUNSAULUS,District,150162990252811,legacy_portal,high,
609959,HAINES,District,150162990252235,legacy_portal,high,
609960,HALE,District,150162990252239,legacy_portal,high,
609961,NINOS HEROES,District,150162990252823,legacy_portal,high,
609963,HAMILTON,District,150162990252240,legacy_portal,high,
609964,HAMLINE,District,150162990252241,legacy_portal,high,
609966,HAMMOND,District,150162990252242,legacy_portal,high,
609967,FINKL,District,150162990252893,legacy_portal,high,
609968,MCAULIFFE,District,150162990252877,legacy_portal,high,
609969,HARTE,District,150162990252244,legacy_portal,high,
609971,HARVARD,District,150162990252246,legacy_portal,high,
609972,HAUGAN,District,150162990252247,legacy_portal,high,
609973,ZAPATA,District,150162990252897,legacy_portal,high,
609974,HAWTHORNE,District,150162990252249,legacy_portal,high,
609975,HAY,District,150162990252636,legacy_portal,high,
609976,HAYT,District,150162990252252,legacy_portal,high,
609977,WOODLAWN,District,150162990252903,legacy_portal,high,
609978,SMITH,District,150162990252768,legacy_portal,high,
609979,HEALY,District,150162990252254,legacy_portal,high,
609981,HEARST,District,150162990252255,legacy_portal,high,
609983,HEDGES,District,150162990252256,legacy_portal,high,
609985,HEFFERAN,District,150162990252257,legacy_portal,high,
609986,HENDERSON,District,150162990252258,legacy_portal,high,
609987,HENDRICKS,District,150162990252259,legacy_portal,high,
609988,HENRY,District,150162990252260,legacy_portal,high,
609990,SOUTH LOOP,District,150162990252855,legacy_portal,high,
609991,HERZL,District,150162990252263,legacy_portal,high,
609993,LARA,District,150162990252900,legacy_portal,high,
609994,HIBBARD,District,150162990252265,legacy_portal,high,
609995,HITCH,District,150162990252268,legacy_portal,high,
609996,HOLDEN,District,150162990252269,legacy_portal,high,
609997,HOLMES,District,150162990252270,legacy_portal,high,
610000,HOWE,District,150162990252273,legacy_portal,high,
610002,HOYNE,District,150162990252275,legacy_portal,high,
610003,CUFFE,District,150162990252617,legacy_portal,high,
610004,CULLEN,District,150162990252637,legacy_portal,high,
610005,HUGHES C,District,150162990252276,legacy_portal,high,
610006,HURLEY,District,150162990252280,legacy_portal,high,
610009,GALILEO,District,150162990252878,legacy_portal,high,
610010,JAHN,District,150162990252284,legacy_portal,high,
610011,JAMIESON,District,150162990252285,legacy_portal,high,
610013,PILSEN,District,150162990252289,legacy_portal,high,
610015,JUNGMAN,District,150162990252292,legacy_portal,high,
610016,KELLOGG,District,150162990252293,legacy_portal,high,
610017,SAUCEDO,District,150162990252829,legacy_portal,high,
610019,KERSHAW,District,150162990252294,legacy_portal,high,
610021,CASALS,District,150162990252862,legacy_portal,high,
610022,KILMER,District,150162990252296,legacy_portal,high,
610024,CARDENAS,District,150162990252783,legacy_portal,high,
610026,KINZIE,District,150162990252299,legacy_portal,high,
610027,KIPLING,District,150162990252300,legacy_portal,high,
610029,LOZANO,District,150162990252303,legacy_portal,high,
610030,KOZMINSKI,District,150162990252304,legacy_portal,high,
610032,GREEN,District,150162990252048,legacy_portal,high,
610033,LASALLE,District,150162990252306,legacy_portal,high,
610034,LAWNDALE,District,150162990252309,legacy_portal,high,
610036,LEWIS,District,150162990252311,legacy_portal,high,
610037,LIBBY,District,150162990252313,legacy_portal,high,
610038,LINCOLN,District,150162990252314,legacy_portal,high,
610039,VON LINNE,District,150162990252315,legacy_portal,high,
610040,LLOYD,District,150162990252316,legacy_portal,high,
610041,LOCKE J,District,150162990252317,legacy_portal,high,
610043,LOVETT,District,150162990252319,legacy_portal,high,
610044,LOWELL,District,150162990252321,legacy_portal,high,
610046,LYON,District,150162990252323,legacy_portal,high,
610047,MADISON,District,150162990252324,legacy_portal,high,
610048,MANIERRE,District,150162990252326,legacy_portal,high,
610051,NORTHWEST,District,150162990252915,legacy_portal,high,
610052,MANN,District,150162990252328,legacy_portal,high,
610053,MARQUETTE,District,150162990252330,legacy_portal,high,
610054,MARSH,District,150162990252331,legacy_portal,high,
610055,FARADAY,District,150162990252195,legacy_portal,high,
610056,MASON,District,150162990252334,legacy_portal,high,
610057,FAIRFIELD,District,150162990252913,legacy_portal,high,
610059,MAYER,District,150162990252337,legacy_portal,high,
610060,CHICAGO WORLD LANGUAGE ACADEMY,District,150162990252283,legacy_portal,high,
610062,MIÑOSO,District,150162990252339,legacy_portal,high,
610063,MCCORMICK,District,150162990252341,legacy_portal,high,
610065,TILL,District,150162990252766,legacy_portal,high,
610066,MCDADE,District,150162990252345,legacy_portal,high,
610067,MCKAY,District,150162990252346,legacy_portal,high,
610068,HANSON PARK,District,150162990252726,legacy_portal,high,
610070,MCPHERSON,District,150162990252349,legacy_portal,high,
610073,MITCHELL,District,150162990252353,legacy_portal,high,
610074,LOGAN SQUARE,District,150162990252355,legacy_portal,high,
610076,MOOS,District,150162990252356,legacy_portal,high,
610077,MORRILL,District,150162990252357,legacy_portal,high,
610078,INTER-AMERICAN,District,150162990252358,legacy_portal,high,
610081,SHERIDAN,District,150162990252451,legacy_portal,high,
610082,MOUNT GREENWOOD,District,150162990252361,legacy_portal,high,
610083,BEARD,District,150162990253760,legacy_portal,high,
610084,KELLER,District,150162990252739,legacy_portal,high,
610086,MOUNT VERNON,District,150162990252362,legacy_portal,high,
610087,BLAIR,District,150162990253761,legacy_portal,high,
610088,MOZART,District,150162990252363,legacy_portal,high,
610089,MURPHY,District,150162990252365,legacy_portal,high,
610090,MURRAY,District,150162990252366,legacy_portal,high,
610091,BROWN R,District,150162990252367,legacy_portal,high,
610092,NASH,District,150162990252368,legacy_portal,high,
610093,NEIL,District,150162990252369,legacy_portal,high,
610094,NETTELHORST,District,150162990252370,legacy_portal,high,
610095,NEWBERRY,District,150162990252371,legacy_portal,high,
610096,NIGHTINGALE,District,150162990252373,legacy_portal,high,
610097,NIXON,District,150162990252374,legacy_portal,high,
610098,NOBEL,District,150162990252375,legacy_portal,high,
610099,NORWOOD PARK,District,150162990252376,legacy_portal,high,
610100,WEST PARK,District,150162990252908,legacy_portal,high,
610101,OGDEN ES,District,150162990252380,legacy_portal,high,
610102,OGLESBY,District,150162990252381,legacy_portal,high,
610103,OKEEFFE,District,150162990252382,legacy_portal,high,
610104,ONAHAN,District,150162990252383,legacy_portal,high,
610105,ORIOLE PARK,District,150162990252384,legacy_portal,high,
610106,PICCOLO,District,150162990252385,legacy_portal,high,
610107,OTIS,District,150162990252386,legacy_portal,high,
610108,OTOOLE,District,150162990252387,legacy_portal,high,
610109,OWEN,District,150162990252389,legacy_portal,high,
610110,WELLS ES,District,150162990252902,legacy_portal,high,
610111,PALMER,District,150162990252391,legacy_portal,high,
610112,PARKER,District,150162990252392,legacy_portal,high,
610115,PARK MANOR,District,150162990252394,legacy_portal,high,
610116,PARKSIDE,District,150162990252395,legacy_portal,high,
610117,PASTEUR,District,150162990252396,legacy_portal,high,
610120,PECK,District,150162990252398,legacy_portal,high,
610121,IRVING,District,150162990252281,legacy_portal,high,
610122,PEIRCE,District,150162990252399,legacy_portal,high,
610123,PENN,District,150162990252400,legacy_portal,high,
610124,WASHINGTON H ES,District,150162990252401,legacy_portal,high,
610125,RUIZ,District,150162990252867,legacy_portal,high,
610126,PERSHING,District,150162990252402,legacy_portal,high,
610127,PETERSON,District,150162990252403,legacy_portal,high,
610128,GARVEY,District,150162990252773,legacy_portal,high,
610129,PICKARD,District,150162990252404,legacy_portal,high,
610130,PIRIE,District,150162990252405,legacy_portal,high,
610131,PLAMONDON,District,150162990252406,legacy_portal,high,
610132,POE,District,150162990252809,legacy_portal,high,
610133,WARD L,District,150162990252767,legacy_portal,high,
610135,PORTAGE PARK,District,150162990252409,legacy_portal,high,
610136,PRESCOTT,District,150162990252410,legacy_portal,high,
610137,PRUSSING,District,150162990252412,legacy_portal,high,
610138,PULASKI,District,150162990252413,legacy_portal,high,
610139,PULLMAN,District,150162990252414,legacy_portal,high,
610141,RAVENSWOOD,District,150162990252416,legacy_portal,high,
610142,RAY,District,150162990252417,legacy_portal,high,
610143,REAVIS,District,150162990252419,legacy_portal,high,
610144,REILLY,District,150162990252421,legacy_portal,high,
610145,REINBERG,District,150162990252422,legacy_portal,high,
610146,REVERE,District,150162990252423,legacy_portal,high,
610147,ROGERS,District,150162990252426,legacy_portal,high,
610148,BACK OF THE YARDS ES,District,150162990252886,legacy_portal,high,
610152,RUGGLES,District,150162990252428,legacy_portal,high,
610153,RYDER,District,150162990252429,legacy_portal,high,
610155,SAUGANASH,District,150162990252434,legacy_portal,high,
610157,SAWYER,District,150162990252435,legacy_portal,high,
610158,SAYRE,District,150162990252436,legacy_portal,high,
610159,SCAMMON,District,150162990252438,legacy_portal,high,
610163,STOCK,District,150162990253762,legacy_portal,high,
610165,SCHUBERT,District,150162990252444,legacy_portal,high,
610167,SEWARD,District,150162990252446,legacy_portal,high,
610170,COLUMBIA EXPLORERS,District,150162990252919,legacy_portal,high,
610171,MIRELES,District,150162990252452,legacy_portal,high,
610172,SHERMAN,District,150162990252453,legacy_portal,high,
610173,SHERWOOD,District,150162990252454,legacy_portal,high,
610174,SHIELDS,District,150162990252455,legacy_portal,high,
610175,SHOESMITH,District,150162990252456,legacy_portal,high,
610176,SHOOP,District,150162990252457,legacy_portal,high,
610177,SKINNER,District,150162990252458,legacy_portal,high,
610178,SCHMID,District,150162990252442,legacy_portal,high,
610179,SMYSER,District,150162990252459,legacy_portal,high,
610180,SMYTH,District,150162990252460,legacy_portal,high,
610182,SOLOMON,District,150162990252461,legacy_portal,high,
610183,SPENCER,District,150162990252462,legacy_portal,high,
610184,SPRY ES,District,150162990252469,legacy_portal,high,
610185,STEVENSON,District,150162990252465,legacy_portal,high,
610188,DUNNE,District,150162990252177,legacy_portal,high,
610191,STONE,District,150162990252468,legacy_portal,high,
610192,STOWE,District,150162990252472,legacy_portal,high,
610193,NEW SULLIVAN,District,150162990252474,legacy_portal,high,
610194,SUMNER,District,150162990252475,legacy_portal,high,
610195,SUTHERLAND,District,150162990252476,legacy_portal,high,
610196,SWIFT,District,150162990252477,legacy_portal,high,
610197,TALCOTT,District,150162990252478,legacy_portal,high,
610198,TAYLOR,District,150162990252480,legacy_portal,high,
610199,COLEMON,District,150162990252918,legacy_portal,high,
610200,THORP J,District,150162990252484,legacy_portal,high,
610201,THORP O,District,150162990252486,legacy_portal,high,
610202,TILTON,District,150162990252487,legacy_portal,high,
610203,MONARCAS,District,150162990252488,legacy_portal,high,
610206,TWAIN,District,150162990252490,legacy_portal,high,
610207,VANDERPOEL,District,150162990252491,legacy_portal,high,
610208,LAVIZZO,District,150162990252492,legacy_portal,high,
610209,VOLTA,District,150162990252494,legacy_portal,high,
610212,ALBANY PARK,District,150162990252850,legacy_portal,high,
610213,WADSWORTH,District,150162990252498,legacy_portal,high,
610215,MADERO,District,150162990252838,legacy_portal,high,
610216,WALSH,District,150162990252500,legacy_portal,high,
610217,WARD J,District,150162990252501,legacy_portal,high,
610218,WARREN,District,150162990252502,legacy_portal,high,
610219,WASHINGTON G ES,District,150162990252503,legacy_portal,high,
610220,WATERS,District,150162990252504,legacy_portal,high,
610221,WEBSTER,District,150162990252505,legacy_portal,high,
610223,WENTWORTH,District,150162990252506,legacy_portal,high,
610225,WHISTLER,District,150162990252512,legacy_portal,high,
610226,SANDOVAL,District,150162990252914,legacy_portal,high,
610227,WHITNEY,District,150162990252513,legacy_portal,high,
610228,WHITTIER,District,150162990252514,legacy_portal,high,
610229,PRITZKER,District,150162990252510,legacy_portal,high,
610230,WILDWOOD,District,150162990252516,legacy_portal,high,
610231,NATIONAL TEACHERS,District,150162990252924,legacy_portal,high,
610234,YATES,District,150162990252542,legacy_portal,high,
610235,YOUNG ES,District,150162990252525,legacy_portal,high,
610237,BEETHOVEN,District,150162990252079,legacy_portal,high,
610238,BOND,District,150162990252088,legacy_portal,high,
610239,DALEY,District,150162990252837,legacy_portal,high,
610242,BRENNEMANN,District,150162990252093,legacy_portal,high,
610244,CLARK HS,District,150162990250827,legacy_portal,high,
610245,DOUGLASS HS,District,150162990250831,legacy_portal,high,
610246,BEASLEY,District,150162990252800,legacy_portal,high,
610248,CHICAGO ACADEMY ES,District,150162990252920,legacy_portal,high,
610249,TALMAN,District,150162990252926,legacy_portal,high,
610250,SALAZAR,District,150162990252706,legacy_portal,high,
610251,CATHER,District,150162990252127,legacy_portal,high,
610252,DETT,District,150162990252154,legacy_portal,high,
610254,DVORAK,District,150162990252179,legacy_portal,high,
610256,ROBINSON,District,150162990252724,legacy_portal,high,
610257,MORTON,District,150162990252844,legacy_portal,high,
610263,DULLES,District,150162990252175,legacy_portal,high,
610268,ASHE,District,150162990252437,legacy_portal,high,
610269,MCCUTCHEON,District,150162990252344,legacy_portal,high,
610271,JENSEN,District,150162990252288,legacy_portal,high,
610274,JOHNSON,District,150162990252290,legacy_portal,high,
610276,MOLLISON,District,150162990252354,legacy_portal,high,
610279,TANNER,District,150162990252479,legacy_portal,high,
610281,POWELL,District,150162990252785,legacy_portal,high,
610282,MCNAIR,District,150162990252634,legacy_portal,high,
610284,NEW FIELD,District,150162990252930,legacy_portal,high,
610287,ASHBURN,District,150162990252922,legacy_portal,high,
610290,MAYS,District,150162990252802,legacy_portal,high,
610291,LEE,District,150162990252703,legacy_portal,high,
610293,MELODY,District,150162990252352,legacy_portal,high,
610295,HIGGINS,District,150162990252266,legacy_portal,high,
610298,LENART,District,150162990252856,legacy_portal,high,
610299,KING ES,District,150162990252267,legacy_portal,high,
610300,WESTCOTT,District,150162990252507,legacy_portal,high,
610304,PHOENIX MILITARY HS,District,150162990250803,legacy_portal,high,
610305,LELAND,District,150162990252714,legacy_portal,high,
610308,RUDOLPH,District,150162990253735,legacy_portal,high,
610312,MCDOWELL,District,150162990252737,legacy_portal,high,
610313,DE DIEGO,District,150162990252825,legacy_portal,high,
610315,WHITE,District,150162990252729,legacy_portal,high,
610316,EARHART,District,150162990252743,legacy_portal,high,
610317,BRIGHTON PARK,District,150162990252870,legacy_portal,high,
610319,EVERGREEN,District,150162990252873,legacy_portal,high,
610323,BOWEN HS,District,150162990250824,legacy_portal,high,
610325,AVONDALE-LOGANDALE,District,150162990252881,legacy_portal,high,
610329,OROZCO,District,150162990252842,legacy_portal,high,
610334,RABY HS,District,150162990250826,legacy_portal,high,
610339,STAGG,District,150162990252464,legacy_portal,high,
610340,CHICAGO ACADEMY HS,District,150162990250820,legacy_portal,high,
610342,SABIN,District,150162990252828,legacy_portal,high,
610345,WOODSON,District,150162990252521,legacy_portal,high,
610347,CLAREMONT,District,150162990252936,legacy_portal,high,
610350,BLACK,District,150162990252086,legacy_portal,high,
610352,DURKIN PARK,District,150162990252933,legacy_portal,high,
610353,CALMECA,District,150162990252934,legacy_portal,high,
610354,NORTH RIVER,District,150162990252935,legacy_portal,high,
610355,COURTENAY,District,150162990252921,legacy_portal,high,
610357,SPRY HS,District,150162990250818,legacy_portal,high,
610362,EVERS,District,150162990252193,legacy_portal,high,
610363,DISNEY,District,150162990252160,legacy_portal,high,
610364,DUBOIS,District,150162990252173,legacy_portal,high,
610366,WACKER,District,150162990252497,legacy_portal,high,
610367,DEPRIEST,District,150162990252605,legacy_portal,high,
610368,HUGHES L,District,150162990252620,legacy_portal,high,
610369,JACKSON M,District,150162990252046,legacy_portal,high,
610380,WILLIAMS HS,District,150162990250856,legacy_portal,high,
610381,BRONZEVILLE HS,District,150162990250834,legacy_portal,high,
610383,SOCIAL JUSTICE HS,District,150162990250835,legacy_portal,high,
610384,INFINITY HS,District,150162990250837,legacy_portal,high,
610385,MULTICULTURAL ARTS HS,District,150162990250836,legacy_portal,high,
610386,PEACE AND EDUCATION HS,District,,no_isbe_record,high,District options HS (Peace & Education Coalition); no ISBE 2025 Report Card row
610389,ORR HS,District,150162990250847,legacy_portal,high,
610390,RICKOVER MILITARY HS,District,150162990250828,legacy_portal,high,
610391,LINDBLOM HS,District,150162990250833,legacy_portal,high,
610392,WORLD LANGUAGE HS,District,150162990250830,legacy_portal,high,
610394,UPLIFT HS,District,150162990250829,legacy_portal,high,
610396,TARKINGTON,District,150162990252943,legacy_portal,high,
610402,DEVRY HS,District,150162990250832,legacy_portal,high,
610405,SUDER,District,150162990252941,legacy_portal,high,
610499,COLLINS STEAM HS,District,150162990250841,legacy_portal,high,
610503,FRAZIER PROSPECTIVE,District,150162990252945,legacy_portal,high,
610504,THOMAS,District,150162990253787,legacy_portal,high,
610513,HOLMES HS,District,150162990250848,legacy_portal,high,
610515,DISNEY II ES,District,150162990252949,legacy_portal,high,
610518,AUSTIN CCA HS,District,150162990250844,legacy_portal,high,
610520,LASALLE II,District,150162990252955,legacy_portal,high,
610521,DAVIS M,District,150162990252954,legacy_portal,high,
610523,EDISON PARK,District,150162990252953,legacy_portal,high,
610524,ALCOTT HS,District,150162990250849,legacy_portal,high,
610529,OGDEN HS,District,150162990250855,legacy_portal,high,
610530,SOUTH SHORE ES,District,150162990252960,legacy_portal,high,
610532,HERNANDEZ,District,150162990252597,legacy_portal,high,
610533,PRIETO,District,150162990252958,legacy_portal,high,
610534,SKINNER NORTH,District,150162990252959,legacy_portal,high,
610539,CAMRAS,District,150162990252963,legacy_portal,high,
610541,LORCA,District,150162990252964,legacy_portal,high,
610542,WEST RIDGE,District,150162990252965,legacy_portal,high,
610543,SOLORIO HS,District,150162990250859,legacy_portal,high,
610544,AZUELA,District,150162990252966,legacy_portal,high,
610547,SOUTH SHORE INTL HS,District,150162990250860,legacy_portal,high,
610548,STEM,District,150162990252967,legacy_portal,high,
610557,PATHWAYS - ASHBURN HS,ALOP,,no_isbe_record,high,ALOP (Pathways in Education); not reported as a school by ISBE
610558,GOODE HS,District,150162990250861,legacy_portal,high,
610559,SHIELDS MIDDLE,District,150162990252968,legacy_portal,high,
610561,CRANE MEDICAL HS,District,150162990250052,legacy_portal,high,
610563,BACK OF THE YARDS HS,District,150162990250014,legacy_portal,high,
610564,DISNEY II HS,District,150162990250053,legacy_portal,high,
610565,EXCEL ENGLEWOOD HS,Contract,,no_isbe_record,high,Contract options school (Excel Academy); no ISBE 2025 Report Card row found
610568,PATHWAYS - AVONDALE HS,ALOP,,no_isbe_record,high,ALOP (Pathways in Education); not reported as a school by ISBE
610569,OMBUDSMAN - NORTHWEST HS,ALOP,,no_isbe_record,high,ALOP (Ombudsman); not reported as a school by ISBE
610570,OMBUDSMAN - SOUTH HS,ALOP,,no_isbe_record,high,ALOP (Ombudsman); not reported as a school by ISBE
610571,OMBUDSMAN - WEST HS,ALOP,,no_isbe_record,high,ALOP (Ombudsman); not reported as a school by ISBE
610572,SAFE ACHIEVE ES,SAFE,,no_isbe_record,high,SAFE program; not reported as a school by ISBE
610573,SAFE ACHIEVE HS,SAFE,,no_isbe_record,high,SAFE program; not reported as a school by ISBE
610586,SADLOWSKI,District,150162990252969,manual_name,high,"ISBE ""Sadlowski Elementary School""; district school opened after the legacy crosswalk sources"
610587,DYETT ARTS HS,District,150162990250863,manual_name,high,"ISBE ""Walter Henri Dyett High School for the Arts"""
610588,RICHARDSON,District,150162990252970,manual_name,high,"ISBE ""Richardson Middle School"" (5-8)"
610589,SOR JUANA,District,150162990252971,manual_name,high,"ISBE district row ""Sor Juana Ines de la Cruz"" (PK-8); distinct from closed Acero Sor Juana K-12 charter 25-049C"
610590,BRONZEVILLE CLASSICAL,District,150162990252972,manual_name,high,"ISBE ""Bronzeville Classical Elementary School"""
610592,ENGLEWOOD STEM HS,District,150162990250867,manual_name,high,"ISBE ""Englewood STEM High School"""
610593,OMBUDSMAN - ROSELAND HS,ALOP,,no_isbe_record,high,ALOP (Ombudsman); not reported as a school by ISBE
610594,PATHWAYS - HUMBOLDT PARK HS,ALOP,,no_isbe_record,high,ALOP (Pathways in Education); not reported as a school by ISBE
610595,FISHER,District,,no_isbe_record,high,Early-childhood center (PE-PK); ISBE Report Card has no row
610599,CATALPA,District,,no_isbe_record,high,Early-childhood center (PE-PK); ISBE Report Card has no row
610601,SAFE ACHIEVE WEST HS,SAFE,,no_isbe_record,high,SAFE program; not reported as a school by ISBE
610602,FUENTES,District,15016299025261C,manual_name,medium,"Acero campus converted to CPS district-run for SY2026-27 (charter ID 400082 ACERO - FUENTES through SY2025-26); ISBE 2025 row is the predecessor Acero charter campus, so ISBE outcomes reflect charter operation; ISBE ""Carlos Fuentes Elem School"""
610603,SANTIAGO,District,15016299025267C,manual_name,medium,"Acero campus converted to CPS district-run for SY2026-27 (charter ID 400114 ACERO - SANTIAGO through SY2025-26); ISBE 2025 row is the predecessor Acero charter campus, so ISBE outcomes reflect charter operation; ISBE ""Esmeralda Santiago Elem Sch"""
610604,DE LAS CASAS,District,15016299025262C,manual_name,medium,"Acero campus converted to CPS district-run for SY2026-27 (charter ID 400081 ACERO - DE LAS CASAS through SY2025-26); ISBE 2025 row is the predecessor Acero charter campus, so ISBE outcomes reflect charter operation; ISBE ""Bartolome de las Casas Elem Sch"""
610605,CISNEROS,District,15016299025266C,manual_name,medium,"Acero campus converted to CPS district-run for SY2026-27 (charter ID 400101 ACERO - CISNEROS through SY2025-26); ISBE 2025 row is the predecessor Acero charter campus, so ISBE outcomes reflect charter operation; ISBE ""Sandra Cisneros Elem School"""
610606,TAMAYO,District,15016299025260C,manual_name,medium,"Acero campus converted to CPS district-run for SY2026-27 (charter ID 400084 ACERO - TAMAYO through SY2025-26); ISBE 2025 row is the predecessor Acero charter campus, so ISBE outcomes reflect charter operation; ISBE ""Rufino Tamayo Elem Sch"""
610607,CHICAGO ARTS HS,District,150162990250851,manual_name,medium,"ISBE ""Chicago HS for the Arts"" (ChiArts). Was contract school 400022 CHIARTS HS through SY2025-26, district-run from SY2026-27; ISBE 2025 row reflects contract operation"
